<?xml version="1.0" encoding="UTF-8"?>

<CodeSystem xmlns="http://hl7.org/fhir">
  <id value="soa-action-cs"/>
  <text>
    <status value="generated"/><div xmlns="http://www.w3.org/1999/xhtml"><p>This code system <code>https://github.com/alpivonka/FHIR-Base-Clinical-Examples/CodeSystem/soa-action-cs</code> defines the following codes:</p><table class="codes"><tr><td style="white-space:nowrap"><b>Code</b></td><td><b>Display</b></td><td><b>Definition</b></td></tr><tr><td style="white-space:nowrap">ACTIVITIES<a name="soa-action-cs-ACTIVITIES"> </a></td><td>Activities</td><td>List of Activities</td></tr><tr><td style="white-space:nowrap">UNSCHEDULED_ACTIVITIES<a name="soa-action-cs-UNSCHEDULED_ACTIVITIES"> </a></td><td>UnscheduledActivities</td><td>Unscheduled Activities</td></tr><tr><td style="white-space:nowrap">ACTVITY_SEGMENT<a name="soa-action-cs-ACTVITY_SEGMENT"> </a></td><td>ACTVITY_SEGMENT</td><td>ACTVITY_SEGMENT</td></tr><tr><td style="white-space:nowrap">RECURRING_FORMS<a name="soa-action-cs-RECURRING_FORMS"> </a></td><td>Recurrring-Form</td><td>Recurrring Form</td></tr><tr><td style="white-space:nowrap">ADHOC_FORMS<a name="soa-action-cs-ADHOC_FORMS"> </a></td><td>adHoc-Form</td><td>adHoc Form</td></tr><tr><td style="white-space:nowrap">ONGOING_FORMS<a name="soa-action-cs-ONGOING_FORMS"> </a></td><td>onGoing-Form</td><td>eDiaronGoingy Form</td></tr><tr><td style="white-space:nowrap">EPOCH<a name="soa-action-cs-EPOCH"> </a></td><td>Epoch reference</td><td>Epoch References.</td></tr></table></div>
  </text>
  <url value="https://github.com/alpivonka/FHIR-Base-Clinical-Examples/CodeSystem/soa-action-cs"/>
  <version value="1.0.0"/>
  <name value="SoAActionCS"/>
  <title value="CodeSystem: SoAAction CS"/>
  <status value="active"/>
  <date value="2022-11-29T14:31:35+00:00"/>
  <publisher value="ClinicalTrialExample"/>
  <description value="SoAAction CS"/>
  <caseSensitive value="false"/>
  <content value="complete"/>
  <count value="7"/>
  <concept>
    <code value="ACTIVITIES"/>
    <display value="Activities"/>
    <definition value="List of Activities"/>
  </concept>
  <concept>
    <code value="UNSCHEDULED_ACTIVITIES"/>
    <display value="UnscheduledActivities"/>
    <definition value="Unscheduled Activities"/>
  </concept>
  <concept>
    <code value="ACTVITY_SEGMENT"/>
    <display value="ACTVITY_SEGMENT"/>
    <definition value="ACTVITY_SEGMENT"/>
  </concept>
  <concept>
    <code value="RECURRING_FORMS"/>
    <display value="Recurrring-Form"/>
    <definition value="Recurrring Form"/>
  </concept>
  <concept>
    <code value="ADHOC_FORMS"/>
    <display value="adHoc-Form"/>
    <definition value="adHoc Form"/>
  </concept>
  <concept>
    <code value="ONGOING_FORMS"/>
    <display value="onGoing-Form"/>
    <definition value="eDiaronGoingy Form"/>
  </concept>
  <concept>
    <code value="EPOCH"/>
    <display value="Epoch reference"/>
    <definition value="Epoch References."/>
  </concept>
</CodeSystem>