<?xml version="1.0" encoding="UTF-8"?>

<ResearchStudy xmlns="http://hl7.org/fhir">
  <id value="ResearchStudy-1-002"/>
  <meta>
    <profile value="https://github.com/alpivonka/FHIR-Base-Clinical-Examples/StructureDefinition/research-study-epoch"/>
  </meta>
  <text>
    <status value="extensions"/><div xmlns="http://www.w3.org/1999/xhtml"><p><b>Generated Narrative: ResearchStudy</b><a name="ResearchStudy-1-002"> </a></p><div style="display: inline-block; background-color: #d9e0e7; padding: 6px; margin: 4px; border: 1px solid #8da1b4; border-radius: 5px; line-height: 60%"><p style="margin-bottom: 0px">Resource ResearchStudy &quot;ResearchStudy-1-002&quot; </p><p style="margin-bottom: 0px">Profile: <a href="StructureDefinition-research-study-epoch.html">Research Study with Epoch</a></p></div><p><b>Epoch Definition</b>: <a href="PlanDefinition-EPCH-DEF-0002-2.html">PlanDefinition/EPCH-DEF-0002-2</a> &quot;Epoch Plan Definition&quot;</p><p><b>status</b>: active</p><blockquote><p><b>comparisonGroup</b></p><p><b>SoAReference</b>: <a href="PlanDefinition-NEW-SOA-UUID-FHIR2.html">PlanDefinition/NEW-SOA-UUID-FHIR2</a> &quot;SoADefinitionOID2&quot;</p><p><b>name</b>: ARMGroupMonkeyFeet</p><p><b>type</b>: ARM <span style="background: LightGoldenRodYellow; margin: 4px; border: 1px solid khaki"> ([not stated]#ARM)</span></p><p><b>observedGroup</b>: <a href="Group-ARMMonkeyFeet-internal-uuid2s.html">Group/ARMMonkeyFeet-internal-uuid2s</a> &quot;MonkeyFeet&quot;</p></blockquote><blockquote><p><b>comparisonGroup</b></p><p><b>SoAReference</b>: <a href="PlanDefinition-NEW-SOA-UUID-FHIR2.html">PlanDefinition/NEW-SOA-UUID-FHIR2</a> &quot;SoADefinitionOID2&quot;</p><p><b>name</b>: ARMGroupMonkeyLegs</p><p><b>type</b>: ARM <span style="background: LightGoldenRodYellow; margin: 4px; border: 1px solid khaki"> ([not stated]#ARM)</span></p><p><b>observedGroup</b>: <a href="Group-ARMGroupMonkeyLegs-uuid22s.html">Group/ARMGroupMonkeyLegs-uuid22s</a> &quot;MonkeyFeet&quot;</p></blockquote></div>
  </text>
  <extension url="https://github.com/alpivonka/FHIR-Base-Clinical-Examples/StructureDefinition/epoch-definition-reference">
    <valueReference>
      <reference value="PlanDefinition/EPCH-DEF-0002-2"/>
    </valueReference>
  </extension>
  <status value="active"/>
  <comparisonGroup id="s98d706a7d6">
    <extension url="https://github.com/alpivonka/FHIR-Base-Clinical-Examples/StructureDefinition/soa-reference">
      <valueReference>
        <reference value="PlanDefinition/NEW-SOA-UUID-FHIR2"/>
      </valueReference>
    </extension>
    <name value="ARMGroupMonkeyFeet"/>
    <type>
      <coding>
        <code value="ARM"/>
      </coding>
    </type>
    <observedGroup>
      <reference value="Group/ARMMonkeyFeet-internal-uuid2s"/>
    </observedGroup>
  </comparisonGroup>
  <comparisonGroup id="s98d706a7d6">
    <extension url="https://github.com/alpivonka/FHIR-Base-Clinical-Examples/StructureDefinition/soa-reference">
      <valueReference>
        <reference value="PlanDefinition/NEW-SOA-UUID-FHIR2"/>
      </valueReference>
    </extension>
    <name value="ARMGroupMonkeyLegs"/>
    <type>
      <coding>
        <code value="ARM"/>
      </coding>
    </type>
    <observedGroup>
      <reference value="Group/ARMGroupMonkeyLegs-uuid22s"/>
    </observedGroup>
  </comparisonGroup>
</ResearchStudy>