<?xml version="1.0" encoding="UTF-8"?>

<ActivityDefinition xmlns="http://hl7.org/fhir">
  <id value="f53a0dfe-9a2e-41f0-8378-d102629473a3-FHIR2"/>
  <meta>
    <extension url="http://hl7.org/fhir/StructureDefinition/firstCreated">
      <valueInstant value="2022-01-01T10:08:10Z"/>
    </extension>
    <lastUpdated value="2022-01-01T10:08:10Z"/>
    <profile value="https://github.com/alpivonka/FHIR-Base-Clinical-Examples/StructureDefinition/soa-activity"/>
  </meta>
  <text>
    <status value="generated"/><div xmlns="http://www.w3.org/1999/xhtml"><p><b>Generated Narrative: ActivityDefinition</b><a name="f53a0dfe-9a2e-41f0-8378-d102629473a3-FHIR2"> </a></p><div style="display: inline-block; background-color: #d9e0e7; padding: 6px; margin: 4px; border: 1px solid #8da1b4; border-radius: 5px; line-height: 60%"><p style="margin-bottom: 0px">Resource ActivityDefinition &quot;f53a0dfe-9a2e-41f0-8378-d102629473a3-FHIR2&quot; Updated &quot;2022-01-01 10:08:10+0000&quot; </p><p style="margin-bottom: 0px">Profile: <a href="StructureDefinition-soa-activity.html">SoA Activity</a></p></div><p><b>url</b>: <code>https://github.com/alpivonka/FHIR-Base-Clinical-Examples/ActivityDefinition/f53a0dfe-9a2e-41f0-8378-d102629473a3-FHIR2</code></p><p><b>identifier</b>: partOf: ?ngen-9? (use: SECONDARY)</p><p><b>version</b>: 1.0.0</p><p><b>name</b>: ActivityOID-ActivityScreening</p><p><b>status</b>: active</p><p><b>date</b>: 2022-11-28 06:44:16+0000</p><p><b>publisher</b>: ClinicalTrialExample</p></div>
  </text>
  <url value="https://github.com/alpivonka/FHIR-Base-Clinical-Examples/ActivityDefinition/f53a0dfe-9a2e-41f0-8378-d102629473a3-FHIR2"/>
  <identifier>
    <use value="secondary"/>
    <type>
      <coding>
        <code value="partOf"/>
      </coding>
      <coding>
        <code value="ResearchStudy"/>
      </coding>
    </type>
    <system value="ResearchStudy/ResearchStudy-1-002"/>
  </identifier>
  <version value="1.0.0"/>
  <name value="ActivityOID-ActivityScreening"/>
  <status value="active"/>
  <date value="2022-11-28T18:44:16+00:00"/>
  <publisher value="ClinicalTrialExample"/>
</ActivityDefinition>