{
  "resourceType": "ActivityDefinition",
  "id": "ActivityDefinitionActivity-01",
  "meta": {
    "tag": [
      {
        "system": "Organization/7ad0f876s76dfa7d98a5s67",
        "code": "DefinedActivityLibrary"
      }
    ]
  },
  "text": {
    "status": "generated",
    "div": "<div xmlns=\"http://www.w3.org/1999/xhtml\"><p><b>Generated Narrative: ActivityDefinition</b><a name=\"ActivityDefinitionActivity-01\"> </a></p><div style=\"display: inline-block; background-color: #d9e0e7; padding: 6px; margin: 4px; border: 1px solid #8da1b4; border-radius: 5px; line-height: 60%\"><p style=\"margin-bottom: 0px\">Resource ActivityDefinition &quot;ActivityDefinitionActivity-01&quot; </p><p style=\"margin-bottom: 0px\">Tag: <span title=\"{Organization/7ad0f876s76dfa7d98a5s67 Organization/7ad0f876s76dfa7d98a5s67}\">Organization/7ad0f876s76dfa7d98a5s67</span></p></div><p><b>url</b>: <code>https://github.com/alpivonka/FHIR-Base-Clinical-Examples/ActivityDefinition/ActivityDefinitionActivity-01</code></p><p><b>version</b>: 1.0.0</p><p><b>status</b>: active</p><p><b>date</b>: 2022-11-29 07:09:47+0000</p><p><b>publisher</b>: ClinicalTrialExample</p></div>"
  },
  "url": "https://github.com/alpivonka/FHIR-Base-Clinical-Examples/ActivityDefinition/ActivityDefinitionActivity-01",
  "version": "1.0.0",
  "status": "active",
  "date": "2022-11-29T19:09:47+00:00",
  "publisher": "ClinicalTrialExample"
}