{
  "resourceType": "ActivityDefinition",
  "id": "343f3656-9ddd-4e10-996f-dba5a64650f2-FHIR2",
  "meta": {
    "extension": [
      {
        "url": "http://hl7.org/fhir/StructureDefinition/firstCreated",
        "valueInstant": "2022-01-01T10:08:10Z"
      }
    ],
    "lastUpdated": "2022-01-01T10:08:10Z",
    "profile": [
      "https://github.com/alpivonka/FHIR-Base-Clinical-Examples/StructureDefinition/so-aactivity"
    ]
  },
  "text": {
    "status": "extensions",
    "div": "<div xmlns=\"http://www.w3.org/1999/xhtml\"><p><b>Generated Narrative: ActivityDefinition</b><a name=\"343f3656-9ddd-4e10-996f-dba5a64650f2-FHIR2\"> </a></p><div style=\"display: inline-block; background-color: #d9e0e7; padding: 6px; margin: 4px; border: 1px solid #8da1b4; border-radius: 5px; line-height: 60%\"><p style=\"margin-bottom: 0px\">Resource ActivityDefinition \"343f3656-9ddd-4e10-996f-dba5a64650f2-FHIR2\" Updated \"2022-01-01 10:08:10+0000\" </p><p style=\"margin-bottom: 0px\">Profile: <a href=\"StructureDefinition-so-aactivity.html\">SoA Activity</a></p></div><p><b>Part Of Research Study</b>: <a href=\"ResearchStudy-ResearchStudy-1-002.html\">ResearchStudy/ResearchStudy-1-002</a></p><p><b>url</b>: <code>https://github.com/alpivonka/FHIR-Base-Clinical-Examples/ActivityDefinition/343f3656-9ddd-4e10-996f-dba5a64650f2-FHIR2</code></p><p><b>version</b>: 1.0.0</p><p><b>name</b>: ActivityOID-ActivityEligibility</p><p><b>status</b>: active</p><p><b>date</b>: 2022-11-16 03:32:30+0000</p><p><b>publisher</b>: ClinicalTrialExample</p></div>"
  },
  "extension": [
    {
      "url": "https://github.com/alpivonka/FHIR-Base-Clinical-Examples/StructureDefinition/study",
      "valueReference": {
        "reference": "ResearchStudy/ResearchStudy-1-002"
      }
    }
  ],
  "url": "https://github.com/alpivonka/FHIR-Base-Clinical-Examples/ActivityDefinition/343f3656-9ddd-4e10-996f-dba5a64650f2-FHIR2",
  "version": "1.0.0",
  "name": "ActivityOID-ActivityEligibility",
  "status": "active",
  "date": "2022-11-16T15:32:30+00:00",
  "publisher": "ClinicalTrialExample"
}