{
  "resourceType": "Group",
  "id": "ARMGroupMonkeyLegs-uuid22s",
  "meta": {
    "profile": [
      "https://github.com/alpivonka/FHIR-Base-Clinical-Examples/StructureDefinition/arm-group-profile"
    ]
  },
  "text": {
    "status": "extensions",
    "div": "<div xmlns=\"http://www.w3.org/1999/xhtml\"><p><b>Generated Narrative: Group</b><a name=\"ARMGroupMonkeyLegs-uuid22s\"> </a></p><div style=\"display: inline-block; background-color: #d9e0e7; padding: 6px; margin: 4px; border: 1px solid #8da1b4; border-radius: 5px; line-height: 60%\"><p style=\"margin-bottom: 0px\">Resource Group &quot;ARMGroupMonkeyLegs-uuid22s&quot; </p><p style=\"margin-bottom: 0px\">Profile: <a href=\"StructureDefinition-arm-group-profile.html\">ARM Group</a></p></div><blockquote><p><b>ARMGroup</b></p><p><b>value</b>: 9.88</p><p><b>value</b>: <a href=\"PlanDefinition-NEW-SOA-UUID-FHIR2.html\">PlanDefinition/NEW-SOA-UUID-FHIR2</a> &quot;SoADefinitionOID2&quot;</p></blockquote><p><b>identifier</b>: id: s90ds890d8</p><p><b>type</b>: specimen</p><p><b>membership</b>: enumerated</p><p><b>code</b>: ARM <span style=\"background: LightGoldenRodYellow; margin: 4px; border: 1px solid khaki\"> ([not stated]#ARM)</span></p><p><b>name</b>: MonkeyFeet</p><p><b>description</b>: my description</p></div>"
  },
  "extension": [
    {
      "extension": [
        {
          "url": "randomizationWeight",
          "valueDecimal": 9.88
        },
        {
          "url": "soa",
          "valueReference": {
            "reference": "PlanDefinition/NEW-SOA-UUID-FHIR2"
          }
        }
      ],
      "url": "https://github.com/alpivonka/FHIR-Base-Clinical-Examples/StructureDefinition/arm-group-att-ext"
    }
  ],
  "identifier": [
    {
      "value": "s90ds890d8"
    }
  ],
  "type": "specimen",
  "membership": "enumerated",
  "code": {
    "coding": [
      {
        "code": "ARM"
      }
    ]
  },
  "name": "MonkeyFeet",
  "description": "my description"
}