<?xml version="1.0" encoding="UTF-8"?>

<PlanDefinition xmlns="http://hl7.org/fhir">
  <id value="DefinedActivities-001"/>
  <meta>
    <profile value="https://github.com/alpivonka/FHIR-Base-Clinical-Examples/StructureDefinition/defined-activities"/>
  </meta>
  <text>
    <status value="generated"/><div xmlns="http://www.w3.org/1999/xhtml"><p><b>Generated Narrative: PlanDefinition</b><a name="DefinedActivities-001"> </a></p><div style="display: inline-block; background-color: #d9e0e7; padding: 6px; margin: 4px; border: 1px solid #8da1b4; border-radius: 5px; line-height: 60%"><p style="margin-bottom: 0px">Resource PlanDefinition &quot;DefinedActivities-001&quot; </p><p style="margin-bottom: 0px">Profile: <a href="StructureDefinition-defined-activities.html">Profile: Defined Activities</a></p></div><p><b>url</b>: <code>https://github.com/alpivonka/FHIR-Base-Clinical-Examples/PlanDefinition/DefinedActivities-001</code></p><p><b>identifier</b>: partOf: ?ngen-9? (use: SECONDARY)</p><p><b>version</b>: 1.0.0</p><p><b>status</b>: active</p><p><b>date</b>: 2022-11-28 06:28:29+0000</p><p><b>publisher</b>: ClinicalTrialExample</p><blockquote><p><b>action</b></p><p><b>code</b>: ActivityDefinition <span style="background: LightGoldenRodYellow; margin: 4px; border: 1px solid khaki"> (All FHIR Types#ActivityDefinition)</span></p><h3>Actions</h3><table class="grid"><tr><td>-</td><td><b>Title</b></td><td><b>Definition[x]</b></td></tr><tr><td>*</td><td>ActivityDef-Name-1</td><td><code>ActivityDefinition/fab63b28-6aa5-11ed-a1eb-0242ac120001</code></td></tr><tr><td>*</td><td>ActivityDef-Name-2</td><td><code>ActivityDefinition/fab63b28-6aa5-11ed-a1eb-0242ac120002</code></td></tr><tr><td>*</td><td>ActivityDef-Name-3</td><td><code>ActivityDefinition/fab63b28-6aa5-11ed-a1eb-0242ac120003</code></td></tr></table></blockquote><blockquote><p><b>action</b></p><p><b>code</b>: ObservationDefinition <span style="background: LightGoldenRodYellow; margin: 4px; border: 1px solid khaki"> (All FHIR Types#ObservationDefinition)</span></p></blockquote><blockquote><p><b>action</b></p><p><b>code</b>: PlanDefinition <span style="background: LightGoldenRodYellow; margin: 4px; border: 1px solid khaki"> (All FHIR Types#PlanDefinition)</span></p></blockquote><blockquote><p><b>action</b></p><p><b>code</b>: Questionnaire <span style="background: LightGoldenRodYellow; margin: 4px; border: 1px solid khaki"> (All FHIR Types#Questionnaire)</span></p><h3>Actions</h3><table class="grid"><tr><td>-</td><td><b>Title</b></td><td><b>Definition[x]</b></td></tr><tr><td>*</td><td>Questionnaire-Name-1</td><td><code>Questionnaire/fab63b28-6aa5-11ed-a1eb-0242ac120001</code></td></tr><tr><td>*</td><td>Questionnaire-Name-2</td><td><code>Questionnaire/fab63b28-6aa5-11ed-a1eb-0242ac120002</code></td></tr><tr><td>*</td><td>Questionnaire-Name-3</td><td><code>Questionnaire/fab63b28-6aa5-11ed-a1eb-0242ac120003</code></td></tr><tr><td>*</td><td>Questionnaire-Name-4</td><td><code>Questionnaire/fab63b28-6aa5-11ed-a1eb-0242ac120004</code></td></tr><tr><td>*</td><td>Questionnaire-Name-5</td><td><code>Questionnaire/fab63b28-6aa5-11ed-a1eb-0242ac120005</code></td></tr><tr><td>*</td><td>Questionnaire-Name-6</td><td><code>Questionnaire/fab63b28-6aa5-11ed-a1eb-0242ac120006</code></td></tr></table></blockquote></div>
  </text>
  <url value="https://github.com/alpivonka/FHIR-Base-Clinical-Examples/PlanDefinition/DefinedActivities-001"/>
  <identifier>
    <use value="secondary"/>
    <type>
      <coding>
        <code value="partOf"/>
      </coding>
      <coding>
        <code value="ResearchStudy"/>
      </coding>
    </type>
    <system value="ResearchStudy/ResearchStudy-1-002"/>
  </identifier>
  <version value="1.0.0"/>
  <status value="active"/>
  <date value="2022-11-28T18:28:29+00:00"/>
  <publisher value="ClinicalTrialExample"/>
  <action id="fab63b28-6aa5-11ed-a1eb-0242ac120000">
    <code>
      <coding>
        <system value="http://hl7.org/fhir/resource-types"/>
        <code value="ActivityDefinition"/>
      </coding>
    </code>
    <action>
      <title value="ActivityDef-Name-1"/>
      <definitionUri value="ActivityDefinition/fab63b28-6aa5-11ed-a1eb-0242ac120001"/>
    </action>
    <action>
      <title value="ActivityDef-Name-2"/>
      <definitionUri value="ActivityDefinition/fab63b28-6aa5-11ed-a1eb-0242ac120002"/>
    </action>
    <action>
      <title value="ActivityDef-Name-3"/>
      <definitionUri value="ActivityDefinition/fab63b28-6aa5-11ed-a1eb-0242ac120003"/>
    </action>
  </action>
  <action>
    <code>
      <coding>
        <system value="http://hl7.org/fhir/resource-types"/>
        <code value="ObservationDefinition"/>
      </coding>
    </code>
  </action>
  <action>
    <code>
      <coding>
        <system value="http://hl7.org/fhir/resource-types"/>
        <code value="PlanDefinition"/>
      </coding>
    </code>
  </action>
  <action id="fab63b28-6aa5-11ed-a1eb-0242ac160000">
    <code>
      <coding>
        <system value="http://hl7.org/fhir/resource-types"/>
        <code value="Questionnaire"/>
      </coding>
    </code>
    <action>
      <title value="Questionnaire-Name-1"/>
      <definitionUri value="Questionnaire/fab63b28-6aa5-11ed-a1eb-0242ac120001"/>
    </action>
    <action>
      <title value="Questionnaire-Name-2"/>
      <definitionUri value="Questionnaire/fab63b28-6aa5-11ed-a1eb-0242ac120002"/>
    </action>
    <action>
      <title value="Questionnaire-Name-3"/>
      <definitionUri value="Questionnaire/fab63b28-6aa5-11ed-a1eb-0242ac120003"/>
    </action>
    <action>
      <title value="Questionnaire-Name-4"/>
      <definitionUri value="Questionnaire/fab63b28-6aa5-11ed-a1eb-0242ac120004"/>
    </action>
    <action>
      <title value="Questionnaire-Name-5"/>
      <definitionUri value="Questionnaire/fab63b28-6aa5-11ed-a1eb-0242ac120005"/>
    </action>
    <action>
      <title value="Questionnaire-Name-6"/>
      <definitionUri value="Questionnaire/fab63b28-6aa5-11ed-a1eb-0242ac120006"/>
    </action>
  </action>
</PlanDefinition>