<?xml version="1.0" encoding="UTF-8"?>

<PlanDefinition xmlns="http://hl7.org/fhir">
  <id value="Visit-V1-9cb4666f-4516-4562-8f93-fd407e42ab6f-FHIR2"/>
  <meta>
    <extension url="http://hl7.org/fhir/StructureDefinition/firstCreated">
      <valueInstant value="2022-01-01T10:08:10Z"/>
    </extension>
    <lastUpdated value="2022-01-01T10:08:10Z"/>
    <profile value="https://github.com/alpivonka/FHIR-Base-Clinical-Examples/StructureDefinition/soa-visit-definition"/>
  </meta>
  <text>
    <status value="generated"/><div xmlns="http://www.w3.org/1999/xhtml"><p><b>Generated Narrative: PlanDefinition</b><a name="Visit-V1-9cb4666f-4516-4562-8f93-fd407e42ab6f-FHIR2"> </a></p><div style="display: inline-block; background-color: #d9e0e7; padding: 6px; margin: 4px; border: 1px solid #8da1b4; border-radius: 5px; line-height: 60%"><p style="margin-bottom: 0px">Resource PlanDefinition &quot;Visit-V1-9cb4666f-4516-4562-8f93-fd407e42ab6f-FHIR2&quot; Updated &quot;2022-01-01 10:08:10+0000&quot; </p><p style="margin-bottom: 0px">Profile: <a href="StructureDefinition-soa-visit-definition.html">Profile: SoA Visit Definition</a></p></div><p><b>url</b>: <code>https://github.com/alpivonka/FHIR-Base-Clinical-Examples/PlanDefinition/Visit-V1-9cb4666f-4516-4562-8f93-fd407e42ab6f-FHIR2</code></p><p><b>identifier</b>: partOf: ?ngen-9? (use: SECONDARY)</p><p><b>version</b>: 1.0.0</p><p><b>name</b>: v1</p><p><b>type</b>: Visit <span style="background: LightGoldenRodYellow; margin: 4px; border: 1px solid khaki"> (<a href="CodeSystem-plan-definition-cs.html">CodeSystem: Plan Definition CS</a>#Visit)</span></p><p><b>status</b>: active</p><p><b>date</b>: 2022-11-28 10:13:55+0000</p><p><b>publisher</b>: ClinicalTrialExample</p><blockquote><p><b>action</b></p><p><b>type</b>: eConsentActivity <span style="background: LightGoldenRodYellow; margin: 4px; border: 1px solid khaki"> ([not stated]#eConsentActivity)</span></p><p><b>definition</b>: <code>ActivityDefinition/9cb4666f-4516-4562-8f93-fd407e42ab6f</code></p><blockquote><p><b>action</b></p><p><b>prefix</b>: consentFormGroupId</p><p><b>type</b>: consentFormGroupId <span style="background: LightGoldenRodYellow; margin: 4px; border: 1px solid khaki"> ([not stated]#consentFormGroupId)</span></p><p><b>definition</b>: <code>beec3554-45a0-4447-9931-875b6d62efbf</code></p></blockquote><blockquote><p><b>action</b></p><p><b>title</b>: PRO_Jl_DatesInForm</p><p><b>definition</b>: <code>Questionnaire/2995b4b6-c3cc-4a40-a27b-dc7ef903aa5d/1</code></p></blockquote><blockquote><p><b>action</b></p><p><b>title</b>: 2.PRO_tt_Missed_Edairy</p><p><b>definition</b>: <code>Questionnaire/39e2b915-6728-4138-8653-0b309910bb21/3</code></p></blockquote></blockquote></div>
  </text>
  <url value="https://github.com/alpivonka/FHIR-Base-Clinical-Examples/PlanDefinition/Visit-V1-9cb4666f-4516-4562-8f93-fd407e42ab6f-FHIR2"/>
  <identifier>
    <use value="secondary"/>
    <type>
      <coding>
        <code value="partOf"/>
      </coding>
      <coding>
        <code value="ResearchStudy"/>
      </coding>
    </type>
    <system value="ResearchStudy/ResearchStudy-1-002"/>
  </identifier>
  <version value="1.0.0"/>
  <name value="v1"/>
  <type>
    <coding>
      <system value="https://github.com/alpivonka/FHIR-Base-Clinical-Examples/CodeSystem/plan-definition-cs"/>
      <code value="Visit"/>
    </coding>
  </type>
  <status value="active"/>
  <date value="2022-11-28T22:13:55+00:00"/>
  <publisher value="ClinicalTrialExample"/>
  <action>
    <type>
      <coding>
        <code value="eConsentActivity"/>
      </coding>
    </type>
    <definitionUri value="ActivityDefinition/9cb4666f-4516-4562-8f93-fd407e42ab6f"/>
    <action>
      <prefix value="consentFormGroupId"/>
      <type>
        <coding>
          <code value="consentFormGroupId"/>
        </coding>
      </type>
      <definitionUri value="beec3554-45a0-4447-9931-875b6d62efbf"/>
    </action>
    <action id="PROJlDatesInForm">
      <title value="PRO_Jl_DatesInForm"/>
      <relatedAction>
        <targetId value="PRO4MDatesinForm"/>
        <relationship value="before"/>
      </relatedAction>
      <definitionUri value="Questionnaire/2995b4b6-c3cc-4a40-a27b-dc7ef903aa5d/1"/>
    </action>
    <action id="2PROttMissedEdairy">
      <title value="2.PRO_tt_Missed_Edairy"/>
      <relatedAction>
        <targetId value="PRO4MDatesinForm"/>
        <relationship value="after"/>
      </relatedAction>
      <definitionUri value="Questionnaire/39e2b915-6728-4138-8653-0b309910bb21/3"/>
    </action>
  </action>
</PlanDefinition>