{
  "resourceType": "PlanDefinition",
  "id": "EPCH-DEF-0002-2",
  "meta": {
    "profile": [
      "https://github.com/alpivonka/FHIR-Base-Clinical-Examples/StructureDefinition/epoch-definition"
    ]
  },
  "text": {
    "status": "generated",
    "div": "<div xmlns=\"http://www.w3.org/1999/xhtml\"><p><b>Generated Narrative: PlanDefinition</b><a name=\"EPCH-DEF-0002-2\"> </a></p><div style=\"display: inline-block; background-color: #d9e0e7; padding: 6px; margin: 4px; border: 1px solid #8da1b4; border-radius: 5px; line-height: 60%\"><p style=\"margin-bottom: 0px\">Resource PlanDefinition &quot;EPCH-DEF-0002-2&quot; </p><p style=\"margin-bottom: 0px\">Profile: <a href=\"StructureDefinition-epoch-definition.html\">Epoch Definition</a></p></div><p><b>url</b>: <code>https://github.com/alpivonka/FHIR-Base-Clinical-Examples/PlanDefinition/EPCH-DEF-0002-2</code></p><p><b>version</b>: 1.0.0</p><p><b>name</b>: Epoch Plan Definition</p><p><b>type</b>: Epoch reference <span style=\"background: LightGoldenRodYellow; margin: 4px; border: 1px solid khaki\"> (<a href=\"CodeSystem-soa-action-cs.html\">CodeSystem: SoAAction CS</a>#EPOCH)</span></p><p><b>status</b>: active</p><p><b>date</b>: 2022-11-28 06:46:24+0000</p><p><b>publisher</b>: ClinicalTrialExample</p><blockquote><p><b>action</b></p><p><b>linkId</b>: SCREENING-65e9-11ed-9022-0242ac120002</p><p><b>prefix</b>: SCREENING-EPOCH</p><p><b>title</b>: SCREENING</p></blockquote><blockquote><p><b>action</b></p><p><b>linkId</b>: Treatment-65e9-11ed-9022-0242ac120001</p><p><b>prefix</b>: Treatment-EPOCH</p><p><b>title</b>: Treatment</p></blockquote><blockquote><p><b>action</b></p><p><b>linkId</b>: Followup-65e9-11ed-9022-0242ac120000</p><p><b>prefix</b>: Followup-EPOCH</p><p><b>title</b>: Followup</p></blockquote></div>"
  },
  "url": "https://github.com/alpivonka/FHIR-Base-Clinical-Examples/PlanDefinition/EPCH-DEF-0002-2",
  "version": "1.0.0",
  "name": "Epoch Plan Definition",
  "type": {
    "coding": [
      {
        "system": "https://github.com/alpivonka/FHIR-Base-Clinical-Examples/CodeSystem/soa-action-cs",
        "code": "EPOCH"
      }
    ]
  },
  "status": "active",
  "date": "2022-11-28T18:46:24+00:00",
  "publisher": "ClinicalTrialExample",
  "action": [
    {
      "id": "SCREENING-65e9-11ed-9022-0242ac120002",
      "linkId": "SCREENING-65e9-11ed-9022-0242ac120002",
      "prefix": "SCREENING-EPOCH",
      "title": "SCREENING"
    },
    {
      "id": "Treatment-65e9-11ed-9022-0242ac120001",
      "linkId": "Treatment-65e9-11ed-9022-0242ac120001",
      "prefix": "Treatment-EPOCH",
      "title": "Treatment"
    },
    {
      "id": "Followup-65e9-11ed-9022-0242ac120000",
      "linkId": "Followup-65e9-11ed-9022-0242ac120000",
      "prefix": "Followup-EPOCH",
      "title": "Followup"
    }
  ]
}