"Id","Path","Slice Name","Alias(s)","Label","Min","Max","Must Support?","Is Modifier?","Is Summary?","Type(s)","Short","Definition","Comments","Requirements","Default Value","Meaning When Missing","Fixed Value","Pattern","Example","Minimum Value","Maximum Value","Maximum Length","Binding Strength","Binding Description","Binding Value Set","Code","Slicing Discriminator","Slicing Description","Slicing Ordered","Slicing Rules","Base Path","Base Min","Base Max","Condition(s)","Constraint(s)","Mapping: Workflow Pattern","Mapping: RIM Mapping","Mapping: FiveWs Pattern Mapping","Mapping: Object Implementation Information","Mapping: HL7 v2 Mapping"
"Questionnaire","Questionnaire","","Form
CRFSurvey","",0,*,"","","","","A structured set of questions","A structured set of questions intended to guide the collection of answers from end-users. Questionnaires provide detailed control over order, presentation, phraseology and grouping to allow coherent, consistent data collection.","","","","","","","","","",,,,,"",,,,"Questionnaire",0,*,"","","Definition","Observation[moodCode=DEF]","infrastructure.information"
"Questionnaire.id","Questionnaire.id","","","",0,1,"","","Y","id {[]} {[]}
","Logical id of this artifact","The logical id of the resource, as used in the URL for the resource. Once assigned, this value never changes.","Within the context of the FHIR RESTful interactions, the resource has an id except for cases like the create and conditional update. Otherwise, the use of the resouce id depends on the given use case.","","","","","","","","",,,,,"",,,,"Resource.id",0,1,"",""
"Questionnaire.meta","Questionnaire.meta","","","",0,1,"","","Y","Meta {[]} {[]}
","Metadata about the resource","The metadata about the resource. This is content that is maintained by the infrastructure. Changes to the content might not always be associated with version changes to the resource.","","","","","","","","","",,,,,"",,,,"Resource.meta",0,1,"","ele-1:All FHIR elements must have a @value or children {hasValue() or (children().count() > id.count())}
"
"Questionnaire.meta.id","Questionnaire.meta.id","","","",0,1,"","","","id {[]} {[]}
","Unique id for inter-element referencing","Unique id for the element within a resource (for internal references). This may be any string value that does not contain spaces.","","","","","","","","","",,,,,"",,,,"Element.id",0,1,"","","n/a"
"Questionnaire.meta.extension","Questionnaire.meta.extension","","extensions
user content","",0,*,"","","","Extension {[]} {[]}
","Additional content defined by implementations","May be used to represent additional information that is not part of the basic definition of the element. To make the use of extensions safe and manageable, there is a strict set of governance  applied to the definition and use of extensions. Though any implementer can define an extension, there is a set of requirements that SHALL be met as part of the definition of the extension.","There can be no stigma associated with the use of extensions by any application, project, or standard - regardless of the institution or jurisdiction that uses or defines the extensions.  The use of extensions is what allows the FHIR specification to retain a core level of simplicity for everyone.","","","","","","","","",,,,,"","value:url}
","Extensions are always sliced by (at least) url",,"open","Element.extension",0,*,"","ele-1:All FHIR elements must have a @value or children {hasValue() or (children().count() > id.count())}
ext-1:Must have either extensions or value[x], not both {extension.exists() != value.exists()}","n/a"
"Questionnaire.meta.extension:createdAt","Questionnaire.meta.extension","createdAt","","",0,1,"","","","Extension {[CanonicalType[http://hl7.org/fhir/StructureDefinition/firstCreated]]} {[]}
","The instant when this resource ID was first associated with content on this server","Indicates when this resource ID was first associated with content on this server.","","","","","","","","","",,,,,"",,,,"Element.extension",0,*,"","ele-1:All FHIR elements must have a @value or children {hasValue() or (children().count() > id.count())}
ext-1:Must have either extensions or value[x], not both {extension.exists() != value.exists()}","n/a","N/A"
"Questionnaire.meta.versionId","Questionnaire.meta.versionId","","","",0,1,"","","Y","id {[]} {[]}
","Version specific identifier","The version specific identifier, as it appears in the version portion of the URL. This value changes when the resource is created, updated, or deleted.","The server assigns this value, and ignores what the client specifies, except in the case that the server is imposing version integrity on updates/deletes.","","","","","","","","",,,,,"",,,,"Meta.versionId",0,1,"","ele-1:All FHIR elements must have a @value or children {hasValue() or (children().count() > id.count())}
"
"Questionnaire.meta.lastUpdated","Questionnaire.meta.lastUpdated","","","",0,1,"","","Y","instant {[]} {[]}
","When the resource version last changed","When the resource last changed - e.g. when the version changed.","This value is always populated except when the resource is first being created. The server / resource manager sets this value; what a client provides is irrelevant. This is equivalent to the HTTP Last-Modified and SHOULD have the same value on a [read](http://build.fhir.org/http.html#read) interaction.","","","","","","","","",,,,,"",,,,"Meta.lastUpdated",0,1,"","ele-1:All FHIR elements must have a @value or children {hasValue() or (children().count() > id.count())}
"
"Questionnaire.meta.source","Questionnaire.meta.source","","","",0,1,"","","Y","uri {[]} {[]}
","Identifies where the resource comes from","A uri that identifies the source system of the resource. This provides a minimal amount of [Provenance](http://build.fhir.org/provenance.html#) information that can be used to track or differentiate the source of information in the resource. The source may identify another FHIR server, document, message, database, etc.","The exact use of the source (and the possible implied Provenance.entity.role and agent.role) is left to implementer discretion. Only one nominated source is allowed; for additional provenance details, a full Provenance resource should be used. The source may correspond to Provenance.entity.what[x] or Provenance.agent.who[x], though it may be a more general or abstract reference. 

This element can be used to indicate where the current master source of a resource that has a canonical URL if the resource is no longer hosted at the canonical URL.","","","","","","","","",,,,,"",,,,"Meta.source",0,1,"","ele-1:All FHIR elements must have a @value or children {hasValue() or (children().count() > id.count())}
"
"Questionnaire.meta.profile","Questionnaire.meta.profile","","","",0,*,"","","Y","canonical {[]} {[CanonicalType[http://hl7.org/fhir/StructureDefinition/StructureDefinition]]}
","Profiles this resource claims to conform to","A list of profiles (references to [StructureDefinition](http://build.fhir.org/structuredefinition.html#) resources) that this resource claims to conform to. The URL is a reference to [StructureDefinition.url](http://build.fhir.org/structuredefinition-definitions.html#StructureDefinition.url).","It is up to the server and/or other infrastructure of policy to determine whether/how these claims are verified and/or updated over time.  The list of profile URLs is a set.","","","","","","","","",,,,,"",,,,"Meta.profile",0,*,"","ele-1:All FHIR elements must have a @value or children {hasValue() or (children().count() > id.count())}
"
"Questionnaire.meta.security","Questionnaire.meta.security","","","",0,*,"","","Y","Coding {[]} {[]}
","Security Labels applied to this resource","Security labels applied to this resource. These tags connect specific resources to the overall security policy and infrastructure.","The security labels can be updated without changing the stated version of the resource. The list of security labels is a set. Uniqueness is based the system/code, and version and display are ignored.","","","","","","","","",,"extensible","","http://hl7.org/fhir/ValueSet/security-labels","",,,,"Meta.security",0,*,"","ele-1:All FHIR elements must have a @value or children {hasValue() or (children().count() > id.count())}
"
"Questionnaire.meta.tag","Questionnaire.meta.tag","","","",0,*,"","","Y","Coding {[]} {[]}
","Tags applied to this resource","Tags applied to this resource. Tags are intended to be used to identify and relate resources to process and workflow, and applications are not required to consider the tags when interpreting the meaning of a resource.","The tags can be updated without changing the stated version of the resource. The list of tags is a set. Uniqueness is based the system/code, and version and display are ignored.","","","","","","","","",,"example","","http://hl7.org/fhir/ValueSet/common-tags","",,,,"Meta.tag",0,*,"","ele-1:All FHIR elements must have a @value or children {hasValue() or (children().count() > id.count())}
"
"Questionnaire.implicitRules","Questionnaire.implicitRules","","","",0,1,"","Y","Y","uri {[]} {[]}
","A set of rules under which this content was created","A reference to a set of rules that were followed when the resource was constructed, and which must be understood when processing the content. Often, this is a reference to an implementation guide that defines the special rules along with other profiles etc.","Asserting this rule set restricts the content to be only understood by a limited set of trading partners. This inherently limits the usefulness of the data in the long term. However, the existing health eco-system is highly fractured, and not yet ready to define, collect, and exchange data in a generally computable sense. Wherever possible, implementers and/or specification writers should avoid using this element. Often, when used, the URL is a reference to an implementation guide that defines these special rules as part of it's narrative along with other profiles, value sets, etc.","","","","","","","","",,,,,"",,,,"Resource.implicitRules",0,1,"","ele-1:All FHIR elements must have a @value or children {hasValue() or (children().count() > id.count())}
"
"Questionnaire.language","Questionnaire.language","","","",0,1,"","","","code {[]} {[]}
","Language of the resource content","The base language in which the resource is written.","Language is provided to support indexing and accessibility (typically, services such as text to speech use the language tag). The html language tag in the narrative applies  to the narrative. The language tag on the resource may be used to specify the language of other presentations generated from the data in the resource. Not all the content has to be in the base language. The Resource.language should not be assumed to apply to the narrative automatically. If a language is specified, it should it also be specified on the div element in the html (see rules in HTML5 for information about the relationship between xml:lang and the html lang attribute).","","","","","","","","",,"preferred","IETF language tag","http://hl7.org/fhir/ValueSet/languages","",,,,"Resource.language",0,1,"","ele-1:All FHIR elements must have a @value or children {hasValue() or (children().count() > id.count())}
"
"Questionnaire.text","Questionnaire.text","","narrative
htmlxhtmldisplay","",0,1,"","","","Narrative {[]} {[]}
","Text summary of the resource, for human interpretation","A human-readable narrative that contains a summary of the resource and can be used to represent the content of the resource to a human. The narrative need not encode all the structured data, but is required to contain sufficient detail to make it ""clinically safe"" for a human to just read the narrative. Resource definitions may define what content should be represented in the narrative to ensure clinical safety.","Contained resources do not have a narrative. Resources that are not contained SHOULD have a narrative. In some cases, a resource may only have text with little or no additional discrete data (as long as all minOccurs=1 elements are satisfied).  This may be necessary for data from legacy systems where information is captured as a ""text blob"" or where text is additionally entered raw or narrated and encoded information is added later.","","","","","","","","",,,,,"",,,,"DomainResource.text",0,1,"","ele-1:All FHIR elements must have a @value or children {hasValue() or (children().count() > id.count())}
","Act.text?"
"Questionnaire.contained","Questionnaire.contained","","inline resources
anonymous resourcescontained resources","",0,*,"","","","Resource {[]} {[]}
","Contained, inline Resources","These resources do not have an independent existence apart from the resource that contains them - they cannot be identified independently, nor can they have their own independent transaction scope. This is allowed to be a Parameters resource if and only if it is referenced by a resource that provides context/meaning.","This should never be done when the content can be identified properly, as once identification is lost, it is extremely difficult (and context dependent) to restore it again. Contained resources may have profiles and tags in their meta elements, but SHALL NOT have security labels.","","","","","","","","",,,,,"",,,,"DomainResource.contained",0,*,"","","N/A"
"Questionnaire.extension","Questionnaire.extension","","","",0,*,"","","","Extension {[]} {[]}
","Extension","An Extension","","","","","","","","","",,,,,"","value:url}
","",,"open","DomainResource.extension",0,*,"","ele-1:All FHIR elements must have a @value or children {hasValue() or (children().count() > id.count())}
ext-1:Must have either extensions or value[x], not both {extension.exists() != value.exists()}"
"Questionnaire.extension:Study","Questionnaire.extension","Study","","",0,1,"","","","Extension {[CanonicalType[https://github.com/alpivonka/FHIR-Base-Clinical-Examples/StructureDefinition/study]]} {[]}
","Part Of Research Study","child to parent reference/association","","","","","","","","","",,,,,"",,,,"DomainResource.extension",0,*,"","ele-1:All FHIR elements must have a @value or children {hasValue() or (children().count() > id.count())}
ext-1:Must have either extensions or value[x], not both {extension.exists() != value.exists()}"
"Questionnaire.extension:basedOn","Questionnaire.extension","basedOn","","",0,1,"","","","Extension {[CanonicalType[http://hl7.org/fhir/StructureDefinition/event-basedOn]]} {[]}
","Fulfills plan, proposal or order","A plan, proposal or order that is fulfilled in whole or in part by this event.","","","","","","","","","",,,,,"",,,,"DomainResource.extension",0,*,"","ele-1:All FHIR elements must have a @value or children {hasValue() or (children().count() > id.count())}
ext-1:Must have either extensions or value[x], not both {extension.exists() != value.exists()}","Event.basedOn",".outboundRelationship[typeCode=FLFS].target","ORC in proximity to EVN segment"
"Questionnaire.extension:replaces","Questionnaire.extension","replaces","","",0,1,"","","","Extension {[CanonicalType[http://hl7.org/fhir/StructureDefinition/task-replaces]]} {[]}
","Task(s) replaced by this Task","Completed or terminated task(s) whose function is taken by this new task.","The replacement could be because the initial task was immediately rejected (due to an issue) or because the previous task was completed, but the need for the action described by the task remains ongoing.","","","","","","","","",,,,,"",,,,"DomainResource.extension",0,*,"","ele-1:All FHIR elements must have a @value or children {hasValue() or (children().count() > id.count())}
ext-1:Must have either extensions or value[x], not both {extension.exists() != value.exists()}","Request.replaces",".outboundRelationship[typeCode=RPLC].target"
"Questionnaire.modifierExtension","Questionnaire.modifierExtension","","extensions
user content","",0,*,"","Y","Y","Extension {[]} {[]}
","Extensions that cannot be ignored","May be used to represent additional information that is not part of the basic definition of the resource and that modifies the understanding of the element that contains it and/or the understanding of the containing element's descendants. Usually modifier elements provide negation or qualification. To make the use of extensions safe and manageable, there is a strict set of governance applied to the definition and use of extensions. Though any implementer is allowed to define an extension, there is a set of requirements that SHALL be met as part of the definition of the extension. Applications processing a resource are required to check for modifier extensions.

Modifier extensions SHALL NOT change the meaning of any elements on Resource or DomainResource (including cannot change the meaning of modifierExtension itself).","There can be no stigma associated with the use of extensions by any application, project, or standard - regardless of the institution or jurisdiction that uses or defines the extensions.  The use of extensions is what allows the FHIR specification to retain a core level of simplicity for everyone.","Modifier extensions allow for extensions that *cannot* be safely ignored to be clearly distinguished from the vast majority of extensions which can be safely ignored.  This promotes interoperability by eliminating the need for implementers to prohibit the presence of extensions. For further information, see the [definition of modifier extensions](http://build.fhir.org/extensibility.html#modifierExtension).","","","","","","","",,,,,"",,,,"DomainResource.modifierExtension",0,*,"","ele-1:All FHIR elements must have a @value or children {hasValue() or (children().count() > id.count())}
ext-1:Must have either extensions or value[x], not both {extension.exists() != value.exists()}","N/A"
"Questionnaire.url","Questionnaire.url","","","",0,1,"","","Y","uri {[]} {[]}
","Canonical identifier for this questionnaire, represented as a URI (globally unique)","An absolute URI that is used to identify this questionnaire when it is referenced in a specification, model, design or an instance; also called its canonical identifier. This SHOULD be globally unique and SHOULD be a literal address at which an authoritative instance of this questionnaire is (or will be) published. This URL can be the target of a canonical reference. It SHALL remain the same when the questionnaire is stored on different servers.","The name of the referenced questionnaire can be conveyed using the http://hl7.org/fhir/StructureDefinition/display extension.","…  This is the id that will be used to link a QuestionnaireResponse to the Questionnaire the response is for.","","","","","","","",,,,,"",,,,"Questionnaire.url",0,1,"","cnl-1:URL should not contain | or # - these characters make processing canonical references problematic {url.matches('([^|#])*')}
ele-1:All FHIR elements must have a @value or children {hasValue() or (children().count() > id.count())}","Definition.url",".identifier[scope=BUSN;reliability=ISS]","FiveWs.identifier"
"Questionnaire.identifier","Questionnaire.identifier","","","",0,*,"","","Y","Identifier {[]} {[]}
","Additional identifier for the questionnaire","A formal identifier that is used to identify this questionnaire when it is represented in other formats, or referenced in a specification, model, design or an instance.","Typically, this is used for identifiers that can go in an HL7 V3 II (instance identifier) data type, and can then identify this questionnaire outside of FHIR, where it is not possible to use the logical URI.","Allows externally provided and/or usable business identifiers to be easily associated with the module.","","","","","","","",,,,,"",,,,"Questionnaire.identifier",0,*,"","ele-1:All FHIR elements must have a @value or children {hasValue() or (children().count() > id.count())}
","Definition.identifier",".identifier","FiveWs.identifier","no-gen-base"
"Questionnaire.version","Questionnaire.version","","","",0,1,"","","Y","string {[]} {[]}
","Business version of the questionnaire","The identifier that is used to identify this version of the questionnaire when it is referenced in a specification, model, design or instance. This is an arbitrary value managed by the questionnaire author and is not expected to be globally unique. For example, it might be a timestamp (e.g. yyyymmdd) if a managed version is not available. There is also no expectation that versions can be placed in a lexicographical sequence.","There may be different questionnaire instances that have the same identifier but different versions.  The version can be appended to the url in a reference to allow a reference to a particular business version of the questionnaire with the format [url]|[version]. The version SHOULD NOT contain a '#' - see [Business Version](http://build.fhir.org/resource.html#bv-format).","","","","","","","","",,,,,"",,,,"Questionnaire.version",0,1,"","ele-1:All FHIR elements must have a @value or children {hasValue() or (children().count() > id.count())}
","Definition.version","N/A (to add?)","FiveWs.version"
"Questionnaire.versionAlgorithm[x]","Questionnaire.versionAlgorithm[x]","","","",0,1,"","","Y","string {[]} {[]}
Coding {[]} {[]}","How to compare versions","Indicates the mechanism used to compare versions to determine which is more current.","If set as a string, this is a FHIRPath expression that has two additional context variables passed in - %version1 and %version2 and will return a negative number if version1 is newer, a positive number if version2 and a 0 if the version ordering can't be successfully be determined.","","","","","","","","",,"extensible","","http://hl7.org/fhir/ValueSet/version-algorithm","",,,,"Questionnaire.versionAlgorithm[x]",0,1,"","ele-1:All FHIR elements must have a @value or children {hasValue() or (children().count() > id.count())}
"
"Questionnaire.name","Questionnaire.name","","","",0,1,"","","Y","string {[]} {[]}
","Name for this questionnaire (computer friendly)","A natural language name identifying the questionnaire. This name should be usable as an identifier for the module by machine processing applications such as code generation.","The name is not expected to be globally unique. The name should be a simple alphanumeric type name to ensure that it is machine-processing friendly.","Support human navigation and code generation.","","","","","","","",,,,,"",,,,"Questionnaire.name",0,1,"cnl-0
","ele-1:All FHIR elements must have a @value or children {hasValue() or (children().count() > id.count())}
","Definition.name","N/A"
"Questionnaire.title","Questionnaire.title","","","",0,1,"","","Y","string {[]} {[]}
","Name for this questionnaire (human friendly)","A short, descriptive, user-friendly title for the questionnaire.","This name does not need to be machine-processing friendly and may contain punctuation, white-space, etc.","","","","","","","","",,,,,"",,,,"Questionnaire.title",0,1,"","ele-1:All FHIR elements must have a @value or children {hasValue() or (children().count() > id.count())}
","Definition.title",".title"
"Questionnaire.derivedFrom","Questionnaire.derivedFrom","","","",0,*,"","","","canonical {[]} {[CanonicalType[http://hl7.org/fhir/StructureDefinition/Questionnaire]]}
","Instantiates protocol or definition","The URL of a Questionnaire that this Questionnaire is based on.","","Allows a Questionnaire to be created based on another Questionnaire.","","","","","","","",,,,,"",,,,"Questionnaire.derivedFrom",0,*,"","ele-1:All FHIR elements must have a @value or children {hasValue() or (children().count() > id.count())}
","Definition.derivedFrom",".outboundRelationship[typeCode=DRIV].target[classCode=OBS, moodCode=DEFN]"
"Questionnaire.status","Questionnaire.status","","","",1,1,"","Y","Y","code {[]} {[]}
","draft | active | retired | unknown","The status of this questionnaire. Enables tracking the life-cycle of the content.","Allows filtering of questionnaires that are appropriate for use versus not.","","","","","","","","",,"required","The lifecycle status of an artifact.","http://hl7.org/fhir/ValueSet/publication-status|5.0.0-ballot","",,,,"Questionnaire.status",1,1,"","ele-1:All FHIR elements must have a @value or children {hasValue() or (children().count() > id.count())}
","Definition.status",".status","FiveWs.status"
"Questionnaire.experimental","Questionnaire.experimental","","","",0,1,"","","Y","boolean {[]} {[]}
","For testing purposes, not real usage","A Boolean value to indicate that this questionnaire is authored for testing purposes (or education/evaluation/marketing) and is not intended to be used for genuine usage.","Allows filtering of questionnaires that are appropriate for use versus not.","Enables experimental content to be developed following the same lifecycle that would be used for a production-level questionnaire.","","If absent, this resource is treated as though it is not experimental.","","","","","",,,,,"",,,,"Questionnaire.experimental",0,1,"","ele-1:All FHIR elements must have a @value or children {hasValue() or (children().count() > id.count())}
","Definition.experimental","N/A","FiveWs.class"
"Questionnaire.subjectType","Questionnaire.subjectType","","","",0,*,"","","Y","code {[]} {[]}
","Resource that can be subject of QuestionnaireResponse","The types of subjects that can be the subject of responses created for the questionnaire.","If none are specified, then the subject is unlimited.","","","","","","","","",,"required","One of the resource types defined as part of this version of FHIR.","http://hl7.org/fhir/ValueSet/resource-types|5.0.0-ballot","",,,,"Questionnaire.subjectType",0,*,"","ele-1:All FHIR elements must have a @value or children {hasValue() or (children().count() > id.count())}
","Definition.subject[x]",".outboundRelationship[typeCode=META].target[classCode=OBS, moodCode=DEFN, isCriterion=true].participation.role.classCode"
"Questionnaire.date","Questionnaire.date","","Revision Date
","",0,1,"","","Y","dateTime {[]} {[]}
","Date last formally published","The date  (and optionally time) when the questionnaire was published. The date must change when the business version changes and it must change if the status code changes. In addition, it should change when the substantive content of the questionnaire changes.","Note that this is not the same as the resource last-modified-date, since the resource may be a secondary representation of the questionnaire. Additional specific dates may be added as extensions or be found by consulting Provenances associated with past versions of the resource.","","","","","","","","",,,,,"",,,,"Questionnaire.date",0,1,"","ele-1:All FHIR elements must have a @value or children {hasValue() or (children().count() > id.count())}
","Definition.date",".participation[typeCode=AUT].time","FiveWs.recorded"
"Questionnaire.publisher","Questionnaire.publisher","","","",0,1,"","","Y","string {[]} {[]}
","Name of the publisher/steward (organization or individual)","The name of the organization or individual responsible for the release and ongoing maintenance of the questionnaire.","Usually an organization but may be an individual. The publisher (or steward) of the questionnaire is the organization or individual primarily responsible for the maintenance and upkeep of the questionnaire. This is not necessarily the same individual or organization that developed and initially authored the content. The publisher is the primary point of contact for questions or issues with the questionnaire. This item SHOULD be populated unless the information is available from context.","Helps establish the ""authority/credibility"" of the questionnaire.  May also allow for contact.","","","","","","","",,,,,"",,,,"Questionnaire.publisher",0,1,"","ele-1:All FHIR elements must have a @value or children {hasValue() or (children().count() > id.count())}
","Definition.publisher",".participation[typeCode=AUT].role","FiveWs.witness"
"Questionnaire.contact","Questionnaire.contact","","","",0,*,"","","Y","ContactDetail {[]} {[]}
","Contact details for the publisher","Contact details to assist a user in finding and communicating with the publisher.","May be a web site, an email address, a telephone number, etc.","","","","","","","","",,,,,"",,,,"Questionnaire.contact",0,*,"","ele-1:All FHIR elements must have a @value or children {hasValue() or (children().count() > id.count())}
","Definition.contact",".participation[typeCode=CALLBCK].role"
"Questionnaire.description","Questionnaire.description","","","",0,1,"","","","markdown {[]} {[]}
","Natural language description of the questionnaire","A free text natural language description of the questionnaire from a consumer's perspective.","This description can be used to capture details such as comments about misuse, instructions for clinical use and interpretation, literature references, examples from the paper world, etc. It is not a rendering of the questionnaire as conveyed in the 'text' field of the resource itself. This item SHOULD be populated unless the information is available from context (e.g. the language of the questionnaire is presumed to be the predominant language in the place the questionnaire was created).","","","","","","","","",,,,,"",,,,"Questionnaire.description",0,1,"","ele-1:All FHIR elements must have a @value or children {hasValue() or (children().count() > id.count())}
","Definition.description",".text"
"Questionnaire.useContext","Questionnaire.useContext","","","",0,*,"","","Y","UsageContext {[]} {[]}
","The context that the content is intended to support","The content was developed with a focus and intent of supporting the contexts that are listed. These contexts may be general categories (gender, age, ...) or may be references to specific programs (insurance plans, studies, ...) and may be used to assist with indexing and searching for appropriate questionnaire instances.","When multiple useContexts are specified, there is no expectation that all or any of the contexts apply.","Assist in searching for appropriate content.","","","","","","","",,,,,"",,,,"Questionnaire.useContext",0,*,"","ele-1:All FHIR elements must have a @value or children {hasValue() or (children().count() > id.count())}
","Definition.useContext","N/A (to add?)"
"Questionnaire.jurisdiction","Questionnaire.jurisdiction","","","",0,*,"","","Y","CodeableConcept {[]} {[]}
","Intended jurisdiction for questionnaire (if applicable)","A legal or geographic region in which the questionnaire is intended to be used.","It may be possible for the questionnaire to be used in jurisdictions other than those for which it was originally designed or intended.","","","","","","","","",,"extensible","Countries and regions within which this artifact is targeted for use.","http://hl7.org/fhir/ValueSet/jurisdiction","",,,,"Questionnaire.jurisdiction",0,*,"","ele-1:All FHIR elements must have a @value or children {hasValue() or (children().count() > id.count())}
","Definition.jurisdiction","N/A (to add?)"
"Questionnaire.purpose","Questionnaire.purpose","","","",0,1,"","","","markdown {[]} {[]}
","Why this questionnaire is defined","Explanation of why this questionnaire is needed and why it has been designed as it has.","This element does not describe the usage of the questionnaire. Instead, it provides traceability of ''why'' the resource is either needed or ''why'' it is defined as it is.  This may be used to point to source materials or specifications that drove the structure of this questionnaire.","","","","","","","","",,,,,"",,,,"Questionnaire.purpose",0,1,"","ele-1:All FHIR elements must have a @value or children {hasValue() or (children().count() > id.count())}
","Definition.purpose",".reasonCode.text","FiveWs.why[x]","no-gen-base"
"Questionnaire.copyright","Questionnaire.copyright","","License
Restrictions","",0,1,"","","","markdown {[]} {[]}
","Use and/or publishing restrictions","A copyright statement relating to the questionnaire and/or its contents. Copyright statements are generally legal restrictions on the use and publishing of the questionnaire.","...","Consumers must be able to determine any legal restrictions on the use of the questionnaire and/or its content.","","","","","","","",,,,,"",,,,"Questionnaire.copyright",0,1,"","ele-1:All FHIR elements must have a @value or children {hasValue() or (children().count() > id.count())}
","Definition.copyright","N/A (to add?)","no-gen-base"
"Questionnaire.copyrightLabel","Questionnaire.copyrightLabel","","","",0,1,"","","","string {[]} {[]}
","Copyright holder and year(s)","A short string (<50 characters), suitable for inclusion in a page footer that identifies the copyright holder, effective period, and optionally whether rights are resctricted. (e.g. 'All rights reserved', 'Some rights reserved').","The (c) symbol should NOT be included in this string. It will be added by software when rendering the notation. Full details about licensing, restrictions, warrantees, etc. goes in the more general 'copyright' element.","Defines the content expected to be rendered in all representations of the artifact.","","","","","","","",,,,,"",,,,"Questionnaire.copyrightLabel",0,1,"","ele-1:All FHIR elements must have a @value or children {hasValue() or (children().count() > id.count())}
"
"Questionnaire.approvalDate","Questionnaire.approvalDate","","","",0,1,"","","","date {[]} {[]}
","When the questionnaire was approved by publisher","The date on which the resource content was approved by the publisher. Approval happens once when the content is officially approved for usage.","The 'date' element may be more recent than the approval date because of minor changes or editorial corrections.","","","","","","","","",,,,,"",,,,"Questionnaire.approvalDate",0,1,"","ele-1:All FHIR elements must have a @value or children {hasValue() or (children().count() > id.count())}
","Definition.approvalDate",".outboundRelationship[typeCode=""SUBJ""].act[classCode=CACT;moodCode=EVN;code=""approval""].effectiveTime","no-gen-base"
"Questionnaire.lastReviewDate","Questionnaire.lastReviewDate","","","",0,1,"","","","date {[]} {[]}
","When the questionnaire was last reviewed","The date on which the resource content was last reviewed. Review happens periodically after approval but does not change the original approval date.","If specified, this date follows the original approval date.","Gives a sense of how ""current"" the content is.  Resources that have not been reviewed in a long time may have a risk of being less appropriate/relevant.","","","","","","","",,,,,"",,,,"Questionnaire.lastReviewDate",0,1,"","ele-1:All FHIR elements must have a @value or children {hasValue() or (children().count() > id.count())}
","Definition.lastReviewDate",".outboundRelationship[typeCode=""SUBJ""; subsetCode=""RECENT""].act[classCode=CACT;moodCode=EVN;code=""review""].effectiveTime","no-gen-base"
"Questionnaire.effectivePeriod","Questionnaire.effectivePeriod","","","",0,1,"","","Y","Period {[]} {[]}
","When the questionnaire is expected to be used","The period during which the questionnaire content was or is planned to be in active use.","The effective period for a questionnaire  determines when the content is applicable for usage and is independent of publication and review dates. For example, a measure intended to be used for the year 2016 might be published in 2015.","Allows establishing a transition before a resource comes into effect and also allows for a sunsetting  process when new versions of the questionnaire are or are expected to be used instead.","","","","","","","",,,,,"",,,,"Questionnaire.effectivePeriod",0,1,"","ele-1:All FHIR elements must have a @value or children {hasValue() or (children().count() > id.count())}
","Definition.effectivePeriod","N/A (to add?)","no-gen-base"
"Questionnaire.code","Questionnaire.code","","","",0,*,"","","Y","Coding {[]} {[]}
","Concept that represents the overall questionnaire","An identifier for this question or group of questions in a particular terminology such as LOINC.","","Allows linking of the complete Questionnaire resources to formal terminologies.  It's common for ""panels"" of questions to be identified by a code.","","","","","","","",,"example","Codes for questionnaires, groups and individual questions.","http://hl7.org/fhir/ValueSet/questionnaire-questions","",,,,"Questionnaire.code",0,*,"","ele-1:All FHIR elements must have a @value or children {hasValue() or (children().count() > id.count())}
",".code"
"Questionnaire.item","Questionnaire.item","","","",0,*,"","","","BackboneElement {[]} {[]}
","Questions and sections within the Questionnaire","A particular question, question grouping or display text that is part of the questionnaire.","The content of the questionnaire is constructed from an ordered, hierarchical collection of items.","","","","","","","","",,,,,"",,,,"Questionnaire.item",0,*,"que-3
","ele-1:All FHIR elements must have a @value or children {hasValue() or (children().count() > id.count())}
que-1a:Group items must have nested items when Questionanire is complete {(type='group' and %resource.status='complete') implies item.empty().not()}que-1b:Groups should have items {type='group' implies item.empty().not()}que-1c:Display items cannot have child items {type='display' implies item.empty()}que-3:Display items cannot have a ""code"" asserted {type!='display' or code.empty()}que-4:A question cannot have both answerOption and answerValueSet {answerOption.empty() or answerValueSet.empty()}que-5:Only coding, decimal, integer, date, dateTime, time, string or quantity  items can have answerOption or answerValueSet {(type='coding' or type = 'decimal' or type = 'integer' or type = 'date' or type = 'dateTime' or type = 'time' or type = 'string' or type = 'quantity') or (answerValueSet.empty() and answerOption.empty())}que-6:Required and repeat aren't permitted for display items {type!='display' or (required.empty() and repeats.empty())}que-8:Initial values can't be specified for groups or display items {(type!='group' and type!='display') or initial.empty()}que-9:Read-only can't be specified for ""display"" items {type!='display' or readOnly.empty()}que-10:Maximum length can only be declared for simple question types {(type in ('boolean' | 'decimal' | 'integer' | 'string' | 'text' | 'url')) or answerConstraint='optionOrString' or maxLength.empty()}que-11:If one or more answerOption is present, initial cannot be present.  Use answerOption.initialSelected instead {answerOption.empty() or initial.empty()}que-12:If there are more than one enableWhen, enableBehavior must be specified {enableWhen.count() > 1 implies enableBehavior.exists()}que-13:Can only have multiple initial values for repeating items {repeats=true or initial.count() <= 1}que-14:Can only have answerConstraint if answerOption or answerValueset are present.  (This is a warning because extensions may serve the same purpose) {answerConstraint.exists() implies answerOption.exists() or answerValueset.exists()}",".outboundRelationship[typeCode=COMP].target[classCode=OBS, moodCode=DEF]"
"Questionnaire.item.id","Questionnaire.item.id","","","",0,1,"","","","string {[]} {[]}
","Unique id for inter-element referencing","Unique id for the element within a resource (for internal references). This may be any string value that does not contain spaces.","","","","","","","","","",,,,,"",,,,"Element.id",0,1,"","","n/a"
"Questionnaire.item.extension","Questionnaire.item.extension","","extensions
user content","",0,*,"","","","Extension {[]} {[]}
","Additional content defined by implementations","May be used to represent additional information that is not part of the basic definition of the element. To make the use of extensions safe and manageable, there is a strict set of governance  applied to the definition and use of extensions. Though any implementer can define an extension, there is a set of requirements that SHALL be met as part of the definition of the extension.","There can be no stigma associated with the use of extensions by any application, project, or standard - regardless of the institution or jurisdiction that uses or defines the extensions.  The use of extensions is what allows the FHIR specification to retain a core level of simplicity for everyone.","","","","","","","","",,,,,"",,,,"Element.extension",0,*,"","ele-1:All FHIR elements must have a @value or children {hasValue() or (children().count() > id.count())}
ext-1:Must have either extensions or value[x], not both {extension.exists() != value.exists()}","n/a"
"Questionnaire.item.modifierExtension","Questionnaire.item.modifierExtension","","extensions
user contentmodifiers","",0,*,"","Y","Y","Extension {[]} {[]}
","Extensions that cannot be ignored even if unrecognized","May be used to represent additional information that is not part of the basic definition of the element and that modifies the understanding of the element in which it is contained and/or the understanding of the containing element's descendants. Usually modifier elements provide negation or qualification. To make the use of extensions safe and manageable, there is a strict set of governance applied to the definition and use of extensions. Though any implementer can define an extension, there is a set of requirements that SHALL be met as part of the definition of the extension. Applications processing a resource are required to check for modifier extensions.

Modifier extensions SHALL NOT change the meaning of any elements on Resource or DomainResource (including cannot change the meaning of modifierExtension itself).","There can be no stigma associated with the use of extensions by any application, project, or standard - regardless of the institution or jurisdiction that uses or defines the extensions.  The use of extensions is what allows the FHIR specification to retain a core level of simplicity for everyone.","Modifier extensions allow for extensions that *cannot* be safely ignored to be clearly distinguished from the vast majority of extensions which can be safely ignored.  This promotes interoperability by eliminating the need for implementers to prohibit the presence of extensions. For further information, see the [definition of modifier extensions](http://build.fhir.org/extensibility.html#modifierExtension).","","","","","","","",,,,,"",,,,"BackboneElement.modifierExtension",0,*,"","ele-1:All FHIR elements must have a @value or children {hasValue() or (children().count() > id.count())}
ext-1:Must have either extensions or value[x], not both {extension.exists() != value.exists()}","N/A"
"Questionnaire.item.linkId","Questionnaire.item.linkId","","","",1,1,"","","","string {[]} {[]}
","Unique id for item in questionnaire","An identifier that is unique within the Questionnaire allowing linkage to the equivalent item in a QuestionnaireResponse resource.","This ''can'' be a meaningful identifier (e.g. a LOINC code) but is not intended to have any meaning.  GUIDs or sequential numbers are appropriate here.","[QuestionnaireResponse](http://build.fhir.org/questionnaireresponse.html#) does not require omitted items to be included and may have some items that repeat, so linkage based on position alone is not sufficient.","","","","","","","",,,,,"",,,,"Questionnaire.item.linkId",1,1,"que-2
","ele-1:All FHIR elements must have a @value or children {hasValue() or (children().count() > id.count())}
que-15:Link ids should be 255 characters or less {$this.length <= 255}",".id"
"Questionnaire.item.definition","Questionnaire.item.definition","","","",0,1,"","","","uri {[]} {[]}
","ElementDefinition - details for the item","This element is a URI that refers to an [ElementDefinition](http://build.fhir.org/elementdefinition.html) that provides information about this item, including information that might otherwise be included in the instance of the Questionnaire resource. A detailed description of the construction of the URI is shown in [Comments](http://build.fhir.org/questionnaire.html#definition), below.","The uri refers to an ElementDefinition in a [StructureDefinition](http://build.fhir.org/structuredefinition.html#) or to an [ObservationDefinition](http://build.fhir.org/observationdefinition.html) and always starts with the [canonical URL](http://build.fhir.org/references.html#canonical) for the target resource. When referring to a StructureDefinition, a fragment identifier is used to specify the element definition by its id [Element.id](types-definitions.html#Element.id). E.g. http://hl7.org/fhir/StructureDefinition/Observation#Observation.value[x]. In the absence of a fragment identifier, the first/root element definition in the target is the matching element definition.","A common pattern is to define a set of data elements and then build multiple questionnaires for different circumstances to gather the data. This element provides traceability to the common definition and allows the content for the question to come from the underlying definition.","","","","","","","",,,,,"",,,,"Questionnaire.item.definition",0,1,"","ele-1:All FHIR elements must have a @value or children {hasValue() or (children().count() > id.count())}
",".outboundRelationship[typeCode=INST].target[classCode=OBS, moodCode=DEF]"
"Questionnaire.item.code","Questionnaire.item.code","","","",0,*,"","","","Coding {[]} {[]}
","Corresponding concept for this item in a terminology","A terminology code that corresponds to this group or question (e.g. a code from LOINC, which defines many questions and answers).","The value may come from the ElementDefinition referred to by .definition.","Allows linking of groups of questions to formal terminologies.","","","","","","","",,"example","Codes for questionnaires, groups and individual questions.","http://hl7.org/fhir/ValueSet/questionnaire-questions","",,,,"Questionnaire.item.code",0,*,"que-3
","ele-1:All FHIR elements must have a @value or children {hasValue() or (children().count() > id.count())}
",".code"
"Questionnaire.item.prefix","Questionnaire.item.prefix","","label
","",0,1,"","","","string {[]} {[]}
","E.g. ""1(a)"", ""2.5.3""","A short label for a particular group, question or set of display text within the questionnaire used for reference by the individual completing the questionnaire.","These are generally unique within a questionnaire, though this is not guaranteed. Some questionnaires may have multiple questions with the same label with logic to control which gets exposed.  Typically, these won't be used for ""display"" items, though such use is not prohibited.  Systems SHOULD NOT generate their own prefixes if prefixes are defined for any items within a Questionnaire.","Separating the label from the question text allows improved rendering.  Also, instructions will often refer to specific prefixes, so there's a need for the questionnaire design to have control over what labels are used.","","","","","","","",,,,,"",,,,"Questionnaire.item.prefix",0,1,"","ele-1:All FHIR elements must have a @value or children {hasValue() or (children().count() > id.count())}
","Not supported"
"Questionnaire.item.text","Questionnaire.item.text","","","",0,1,"","","","string {[]} {[]}
","Primary text for the item","The name of a section, the text of a question or text content for a display item.","When using this element to represent the name of a section, use group type item and also make sure to limit the text element to a short string suitable for display as a section heading.  Group item instructions should be included as a display type item within the group.","","","","","","","","",,,,,"",,,,"Questionnaire.item.text",0,1,"","ele-1:All FHIR elements must have a @value or children {hasValue() or (children().count() > id.count())}
",".text"
"Questionnaire.item.type","Questionnaire.item.type","","","",1,1,"","","","code {[]} {[]}
","group | display | boolean | decimal | integer | date | dateTime +","The type of questionnaire item this is - whether text for display, a grouping of other items or a particular type of data to be captured (string, integer, Coding, etc.).","Additional constraints on the type of answer can be conveyed by extensions. The value may come from the ElementDefinition referred to by .definition.","Defines the format in which the user is to be prompted for the answer.","","","","","","","",,"required","Distinguishes groups from questions and display text and indicates data type for questions.","http://hl7.org/fhir/ValueSet/item-type|5.0.0-ballot","",,,,"Questionnaire.item.type",1,1,"","ele-1:All FHIR elements must have a @value or children {hasValue() or (children().count() > id.count())}
","N/A - MIF rather than RIM level"
"Questionnaire.item.enableWhen","Questionnaire.item.enableWhen","","","",0,*,"","Y","","BackboneElement {[]} {[]}
","Only allow data when","A constraint indicating that this item should only be enabled (displayed/allow answers to be captured) when the specified condition is true.","If multiple repetitions of this extension are present, the interpretation is driven by enableBehavior (either all repetitions must evaluate to true for this item to be enabled, or only one must evaluate to true for the item to be enabled).  If the enableWhen.question has multiple answers, the condition evaluates to true if *any* of the answers for the referenced item match the enableWhen condition.  This element is a modifier because if enableWhen is present for an item, ""required"" is ignored unless one of the enableWhen conditions is met. When an item is disabled, all of its descendants are disabled, regardless of what their own enableWhen logic might evaluate to.  If enableWhen logic depends on an item that is disabled, the logic should proceed as though the item is not valued - even if a default value or other value might be retained in memory in the event of the item being re-enabled.  In some cases, the comparison between the indicated answer and the specified value may differ only by precision.  For example, the enableWhen might be Q1 > 1970, but the answer to Q1 is 1970-10-15.  There is not a clear answer as to whether 1970-10-15 should be considered 'greater' than 1970, given that it is an imprecise value.  In these indeterminate situations, the form filler has the option of refusing to render the form.  If the form **is** displayed, items where enableWhen is indeterminate SHOULD be treated as enabled with a warning indicating that the questionnaire logic was faulty and it is possible that the item should not be enabled.  Questionnaires SHOULD be designed to take into account challenges around varying precision to minimize non-deterministic situations by setting constraints around expected precision, etc.","Allows questionnaires to adapt based on answers to other questions. E.g. If physical gender is specified as a male, no need to capture pregnancy history.  Also allows conditional display of instructions or groups of questions.","","","","","","","",,,,,"",,,,"Questionnaire.item.enableWhen",0,*,"","ele-1:All FHIR elements must have a @value or children {hasValue() or (children().count() > id.count())}
que-7:If the operator is 'exists', the value must be a boolean {operator = 'exists' implies (answer is Boolean)}","N/A - MIF rather than RIM level"
"Questionnaire.item.enableWhen.id","Questionnaire.item.enableWhen.id","","","",0,1,"","","","string {[]} {[]}
","Unique id for inter-element referencing","Unique id for the element within a resource (for internal references). This may be any string value that does not contain spaces.","","","","","","","","","",,,,,"",,,,"Element.id",0,1,"","","n/a"
"Questionnaire.item.enableWhen.extension","Questionnaire.item.enableWhen.extension","","extensions
user content","",0,*,"","","","Extension {[]} {[]}
","Additional content defined by implementations","May be used to represent additional information that is not part of the basic definition of the element. To make the use of extensions safe and manageable, there is a strict set of governance  applied to the definition and use of extensions. Though any implementer can define an extension, there is a set of requirements that SHALL be met as part of the definition of the extension.","There can be no stigma associated with the use of extensions by any application, project, or standard - regardless of the institution or jurisdiction that uses or defines the extensions.  The use of extensions is what allows the FHIR specification to retain a core level of simplicity for everyone.","","","","","","","","",,,,,"",,,,"Element.extension",0,*,"","ele-1:All FHIR elements must have a @value or children {hasValue() or (children().count() > id.count())}
ext-1:Must have either extensions or value[x], not both {extension.exists() != value.exists()}","n/a"
"Questionnaire.item.enableWhen.modifierExtension","Questionnaire.item.enableWhen.modifierExtension","","extensions
user contentmodifiers","",0,*,"","Y","Y","Extension {[]} {[]}
","Extensions that cannot be ignored even if unrecognized","May be used to represent additional information that is not part of the basic definition of the element and that modifies the understanding of the element in which it is contained and/or the understanding of the containing element's descendants. Usually modifier elements provide negation or qualification. To make the use of extensions safe and manageable, there is a strict set of governance applied to the definition and use of extensions. Though any implementer can define an extension, there is a set of requirements that SHALL be met as part of the definition of the extension. Applications processing a resource are required to check for modifier extensions.

Modifier extensions SHALL NOT change the meaning of any elements on Resource or DomainResource (including cannot change the meaning of modifierExtension itself).","There can be no stigma associated with the use of extensions by any application, project, or standard - regardless of the institution or jurisdiction that uses or defines the extensions.  The use of extensions is what allows the FHIR specification to retain a core level of simplicity for everyone.","Modifier extensions allow for extensions that *cannot* be safely ignored to be clearly distinguished from the vast majority of extensions which can be safely ignored.  This promotes interoperability by eliminating the need for implementers to prohibit the presence of extensions. For further information, see the [definition of modifier extensions](http://build.fhir.org/extensibility.html#modifierExtension).","","","","","","","",,,,,"",,,,"BackboneElement.modifierExtension",0,*,"","ele-1:All FHIR elements must have a @value or children {hasValue() or (children().count() > id.count())}
ext-1:Must have either extensions or value[x], not both {extension.exists() != value.exists()}","N/A"
"Questionnaire.item.enableWhen.question","Questionnaire.item.enableWhen.question","","","",1,1,"","","","string {[]} {[]}
","The linkId of question that determines whether item is enabled/disabled","The linkId for the question whose answer (or lack of answer) governs whether this item is enabled.","If multiple question occurrences are present for the same question (same linkId), then this refers to the nearest question occurrence reachable by tracing first the ""ancestor"" axis and then the ""preceding"" axis and then the ""following"" axis.  If there are multiple items with the same linkId and all are equadistant (e.g. a question references a question that appears in a separate repeating group), that is an error.  (Consider using the enableWhenExpression extension to define logic to handle such a situation.)","","","","","","","","",,,,,"",,,,"Questionnaire.item.enableWhen.question",1,1,"","ele-1:All FHIR elements must have a @value or children {hasValue() or (children().count() > id.count())}
","N/A - MIF rather than RIM level"
"Questionnaire.item.enableWhen.operator","Questionnaire.item.enableWhen.operator","","","",1,1,"","","","code {[]} {[]}
","exists | = | != | > | < | >= | <=","Specifies the criteria by which the question is enabled.","","","","","","","","","",,"required","The criteria by which a question is enabled.","http://hl7.org/fhir/ValueSet/questionnaire-enable-operator|5.0.0-ballot","",,,,"Questionnaire.item.enableWhen.operator",1,1,"","ele-1:All FHIR elements must have a @value or children {hasValue() or (children().count() > id.count())}
","N/A - MIF rather than RIM level"
"Questionnaire.item.enableWhen.answer[x]","Questionnaire.item.enableWhen.answer[x]","","","",1,1,"","","","boolean {[]} {[]}
decimal {[]} {[]}integer {[]} {[]}date {[]} {[]}dateTime {[]} {[]}time {[]} {[]}string {[]} {[]}Coding {[]} {[]}Quantity {[]} {[]}Reference {[]} {[CanonicalType[http://hl7.org/fhir/StructureDefinition/Resource]]}","Value for question comparison based on operator","A value that the referenced question is tested using the specified operator in order for the item to be enabled.  If there are multiple answers, a match on any of the answers suffices.  If different behavior is desired (all must match, at least 2 must match, etc.), consider using the enableWhenExpression extension.","","","","","","","","","",,"example","Allowed values to answer questions.","http://hl7.org/fhir/ValueSet/questionnaire-answers","",,,,"Questionnaire.item.enableWhen.answer[x]",1,1,"que-7
","ele-1:All FHIR elements must have a @value or children {hasValue() or (children().count() > id.count())}
","N/A - MIF rather than RIM level"
"Questionnaire.item.enableBehavior","Questionnaire.item.enableBehavior","","","",0,1,"","","","code {[]} {[]}
","all | any","Controls how multiple enableWhen values are interpreted -  whether all or any must be true.","This element must be specified if more than one enableWhen value is provided.","","","","","","","","",,"required","Controls how multiple enableWhen values are interpreted -  whether all or any must be true.","http://hl7.org/fhir/ValueSet/questionnaire-enable-behavior|5.0.0-ballot","",,,,"Questionnaire.item.enableBehavior",0,1,"que-12
","ele-1:All FHIR elements must have a @value or children {hasValue() or (children().count() > id.count())}
","N/A - MIF rather than RIM level"
"Questionnaire.item.disabledDisplay","Questionnaire.item.disabledDisplay","","","",0,1,"","","","code {[]} {[]}
","hidden | protected","Indicates if and how items that are disabled (because enableWhen evaluates to 'false') should be displayed.","If not specified, rendering behavior is up to the client.  This element is only meaningful if enableWhen or an equivalent extension is present","","","","","","","","",,"required","Defines how disabled elements should be rendered","http://hl7.org/fhir/ValueSet/questionnaire-disabled-display|5.0.0-ballot","",,,,"Questionnaire.item.disabledDisplay",0,1,"","ele-1:All FHIR elements must have a @value or children {hasValue() or (children().count() > id.count())}
","N/A - MIF rather than RIM level"
"Questionnaire.item.required","Questionnaire.item.required","","","",0,1,"","","","boolean {[]} {[]}
","Whether the item must be included in data results","An indication, if true, that the item must be present in a ""completed"" QuestionnaireResponse.  If false, the item may be skipped when answering the questionnaire.","If the required item is a question, it must have a direct answer (i.e. an answer to the question itself, not merely answers to child questions) in order for the QuestionnaireResponse to be complete.  If the required item is a group, it must have at least one descendant question which has an answer  Questionnaire.item.required only has meaning for elements that are conditionally enabled with enableWhen if the condition evaluates to true.  It also only has meaning if the parent element is present.  If a non-required 'group' item contains a 'required' question item, it's completely fine to omit the group (because it's not required) despite it having a required child.  Similarly, if an item that contains other items is marked as required, that does not automatically make the contained elements required (though required groups must contain at least one descendant item with a populated answer). The value for 'required' may come from the ElementDefinition referred to by .definition.","","","Items are assumed not to be required unless explicitly specified, though extensions may impose additional expectations","","","","","",,,,,"",,,,"Questionnaire.item.required",0,1,"que-6
","ele-1:All FHIR elements must have a @value or children {hasValue() or (children().count() > id.count())}
","N/A - MIF rather than RIM level"
"Questionnaire.item.repeats","Questionnaire.item.repeats","","","",0,1,"","","","boolean {[]} {[]}
","Whether the item may repeat","An indication, if true, that a QuestionnaireResponse for this item may include multiple answers associated with a single instance of this item (for question-type items) or multiple repetitions of the item (for group-type items).","If a question is marked as repeats=true, then multiple answers can be provided for the question in the corresponding QuestionnaireResponse.  When rendering the questionnaire, it is up to the rendering software whether to render the question text for each answer repetition (i.e. ""repeat the question"") or to simply allow entry/selection of multiple answers for the question (repeat the answers).  Which is most appropriate visually may depend on the type of answer as well as whether there are nested items.

The resulting QuestionnaireResponse will be populated the same way regardless of rendering - one 'question' item with multiple answer values.

 The value may come from the ElementDefinition referred to by .definition.  When repeats=true for a group, it'll be represented with multiple items with the same linkId in the QuestionnaireResponse.  For a question, it'll be represented by a single item with that linkId with multiple answers.","Items may be used to create set of (related) questions that can be repeated to give multiple answers to such a set.","","Items are generally assumed not to repeat unless explicitly specified. Systems SHOULD always populate this value","","","","","",,,,,"",,,,"Questionnaire.item.repeats",0,1,"que-6
","ele-1:All FHIR elements must have a @value or children {hasValue() or (children().count() > id.count())}
","N/A - MIF rather than RIM level"
"Questionnaire.item.readOnly","Questionnaire.item.readOnly","","","",0,1,"","","","boolean {[]} {[]}
","Don't allow human editing","An indication, when true, that the value cannot be changed by a human respondent to the Questionnaire.","If specified on a 'group', then all items beneath the specified group are read only.  For questions, this only marks the answer associated with the specific item read only.  Descendant questions are not impacted.  The value of readOnly elements can be established by asserting extensions for defaultValues, linkages that support pre-population and/or extensions that support calculation based on other answers.","Allows certain information to be phrased (and rendered) as a question and an answer, while keeping users from changing it.  May also be useful for preventing changes to pre-populated portions of a questionnaire, for calculated values, etc.","","","","","","","",,,,,"",,,,"Questionnaire.item.readOnly",0,1,"que-9
","ele-1:All FHIR elements must have a @value or children {hasValue() or (children().count() > id.count())}
","N/A - MIF rather than RIM level"
"Questionnaire.item.maxLength","Questionnaire.item.maxLength","","","",0,1,"","","","integer {[]} {[]}
","No more than this many characters","The maximum number of characters that are permitted in the answer to be considered a ""valid"" QuestionnaireResponse.","For base64binary, reflects the number of characters representing the encoded data, not the number of bytes of the binary data. The value may come from the ElementDefinition referred to by .definition.","","","","","","","","",,,,,"",,,,"Questionnaire.item.maxLength",0,1,"que-10
","ele-1:All FHIR elements must have a @value or children {hasValue() or (children().count() > id.count())}
","N/A - MIF rather than RIM level","N/A"
"Questionnaire.item.answerConstraint","Questionnaire.item.answerConstraint","","","",0,1,"","","","code {[]} {[]}
","optionsOnly | optionsOrType | optionsOrString","For items that have a defined set of allowed answers (via answerOption or answerValueset), indicates whether values *other* than those specified can be selected.","","Introduces the ability for questions to have 'other' answers","","If not specified, answerConstraint is presumed to be 'optionsOnly'","","","","","",,"required","Indicates differnt modes for restricting values when options or valueset are specified","http://hl7.org/fhir/ValueSet/questionnaire-answer-constraint|5.0.0-ballot","",,,,"Questionnaire.item.answerConstraint",0,1,"que-14
","ele-1:All FHIR elements must have a @value or children {hasValue() or (children().count() > id.count())}
","N/A - MIF rather than RIM level"
"Questionnaire.item.answerValueSet","Questionnaire.item.answerValueSet","","","",0,1,"","","","canonical {[]} {[CanonicalType[http://hl7.org/fhir/StructureDefinition/ValueSet]]}
","Valueset containing permitted answers","A reference to a value set containing a list of values representing permitted answers for a question.","LOINC defines many useful value sets for questionnaire responses. See [LOINC Answer Lists](https://terminology.hl7.org/LOINC.html). The value may come from the ElementDefinition referred to by .definition.","","","","","","","","",,,,,"",,,,"Questionnaire.item.answerValueSet",0,1,"que-4
que-5","ele-1:All FHIR elements must have a @value or children {hasValue() or (children().count() > id.count())}
","N/A - MIF rather than RIM level"
"Questionnaire.item.answerOption","Questionnaire.item.answerOption","","","",0,*,"","","","BackboneElement {[]} {[]}
","Permitted answer","One of the permitted answers for the question.","This element can be used when the value set machinery of answerValueSet is deemed too cumbersome or when there's a need to capture possible answers that are not codes.","","","","","","","","",,,,,"",,,,"Questionnaire.item.answerOption",0,*,"que-4
que-5","ele-1:All FHIR elements must have a @value or children {hasValue() or (children().count() > id.count())}
","N/A - MIF rather than RIM level"
"Questionnaire.item.answerOption.id","Questionnaire.item.answerOption.id","","","",0,1,"","","","string {[]} {[]}
","Unique id for inter-element referencing","Unique id for the element within a resource (for internal references). This may be any string value that does not contain spaces.","","","","","","","","","",,,,,"",,,,"Element.id",0,1,"","","n/a"
"Questionnaire.item.answerOption.extension","Questionnaire.item.answerOption.extension","","extensions
user content","",0,*,"","","","Extension {[]} {[]}
","Additional content defined by implementations","May be used to represent additional information that is not part of the basic definition of the element. To make the use of extensions safe and manageable, there is a strict set of governance  applied to the definition and use of extensions. Though any implementer can define an extension, there is a set of requirements that SHALL be met as part of the definition of the extension.","There can be no stigma associated with the use of extensions by any application, project, or standard - regardless of the institution or jurisdiction that uses or defines the extensions.  The use of extensions is what allows the FHIR specification to retain a core level of simplicity for everyone.","","","","","","","","",,,,,"",,,,"Element.extension",0,*,"","ele-1:All FHIR elements must have a @value or children {hasValue() or (children().count() > id.count())}
ext-1:Must have either extensions or value[x], not both {extension.exists() != value.exists()}","n/a"
"Questionnaire.item.answerOption.modifierExtension","Questionnaire.item.answerOption.modifierExtension","","extensions
user contentmodifiers","",0,*,"","Y","Y","Extension {[]} {[]}
","Extensions that cannot be ignored even if unrecognized","May be used to represent additional information that is not part of the basic definition of the element and that modifies the understanding of the element in which it is contained and/or the understanding of the containing element's descendants. Usually modifier elements provide negation or qualification. To make the use of extensions safe and manageable, there is a strict set of governance applied to the definition and use of extensions. Though any implementer can define an extension, there is a set of requirements that SHALL be met as part of the definition of the extension. Applications processing a resource are required to check for modifier extensions.

Modifier extensions SHALL NOT change the meaning of any elements on Resource or DomainResource (including cannot change the meaning of modifierExtension itself).","There can be no stigma associated with the use of extensions by any application, project, or standard - regardless of the institution or jurisdiction that uses or defines the extensions.  The use of extensions is what allows the FHIR specification to retain a core level of simplicity for everyone.","Modifier extensions allow for extensions that *cannot* be safely ignored to be clearly distinguished from the vast majority of extensions which can be safely ignored.  This promotes interoperability by eliminating the need for implementers to prohibit the presence of extensions. For further information, see the [definition of modifier extensions](http://build.fhir.org/extensibility.html#modifierExtension).","","","","","","","",,,,,"",,,,"BackboneElement.modifierExtension",0,*,"","ele-1:All FHIR elements must have a @value or children {hasValue() or (children().count() > id.count())}
ext-1:Must have either extensions or value[x], not both {extension.exists() != value.exists()}","N/A"
"Questionnaire.item.answerOption.value[x]","Questionnaire.item.answerOption.value[x]","","","",1,1,"","","","integer {[]} {[]}
date {[]} {[]}time {[]} {[]}string {[]} {[]}Coding {[]} {[]}Reference {[]} {[CanonicalType[http://hl7.org/fhir/StructureDefinition/Resource]]}","Answer value","A potential answer that's allowed as the answer to this question.","The data type of the value must agree with the item.type.","","","","","","","","",,"example","Allowed values to answer questions.","http://hl7.org/fhir/ValueSet/questionnaire-answers","",,,,"Questionnaire.item.answerOption.value[x]",1,1,"","ele-1:All FHIR elements must have a @value or children {hasValue() or (children().count() > id.count())}
","N/A - MIF rather than RIM level"
"Questionnaire.item.answerOption.initialSelected","Questionnaire.item.answerOption.initialSelected","","","",0,1,"","","","boolean {[]} {[]}
","Whether option is selected by default","Indicates whether the answer value is selected when the list of possible answers is initially shown.","","","","Only selected items explicitly marked to be selected","","","","","",,,,,"",,,,"Questionnaire.item.answerOption.initialSelected",0,1,"","ele-1:All FHIR elements must have a @value or children {hasValue() or (children().count() > id.count())}
","N/A - MIF rather than RIM level"
"Questionnaire.item.initial","Questionnaire.item.initial","","","",0,*,"","","","BackboneElement {[]} {[]}
","Initial value(s) when item is first rendered","One or more values that should be pre-populated in the answer when initially rendering the questionnaire for user input.","The user is allowed to change the value and override the default (unless marked as read-only). If the user doesn't change the value, then this initial value will be persisted when the QuestionnaireResponse is initially created.  Note that initial values can influence results.  The data type of initial.answer[x] must agree with the item.type, and only repeating items can have more then one initial value.","In some workflows, having defaults saves time.","","","","","","","",,,,,"",,,,"Questionnaire.item.initial",0,*,"que-8
que-11que-13","ele-1:All FHIR elements must have a @value or children {hasValue() or (children().count() > id.count())}
","N/A - MIF rather than RIM level"
"Questionnaire.item.initial.id","Questionnaire.item.initial.id","","","",0,1,"","","","string {[]} {[]}
","Unique id for inter-element referencing","Unique id for the element within a resource (for internal references). This may be any string value that does not contain spaces.","","","","","","","","","",,,,,"",,,,"Element.id",0,1,"","","n/a"
"Questionnaire.item.initial.extension","Questionnaire.item.initial.extension","","extensions
user content","",0,*,"","","","Extension {[]} {[]}
","Additional content defined by implementations","May be used to represent additional information that is not part of the basic definition of the element. To make the use of extensions safe and manageable, there is a strict set of governance  applied to the definition and use of extensions. Though any implementer can define an extension, there is a set of requirements that SHALL be met as part of the definition of the extension.","There can be no stigma associated with the use of extensions by any application, project, or standard - regardless of the institution or jurisdiction that uses or defines the extensions.  The use of extensions is what allows the FHIR specification to retain a core level of simplicity for everyone.","","","","","","","","",,,,,"",,,,"Element.extension",0,*,"","ele-1:All FHIR elements must have a @value or children {hasValue() or (children().count() > id.count())}
ext-1:Must have either extensions or value[x], not both {extension.exists() != value.exists()}","n/a"
"Questionnaire.item.initial.modifierExtension","Questionnaire.item.initial.modifierExtension","","extensions
user contentmodifiers","",0,*,"","Y","Y","Extension {[]} {[]}
","Extensions that cannot be ignored even if unrecognized","May be used to represent additional information that is not part of the basic definition of the element and that modifies the understanding of the element in which it is contained and/or the understanding of the containing element's descendants. Usually modifier elements provide negation or qualification. To make the use of extensions safe and manageable, there is a strict set of governance applied to the definition and use of extensions. Though any implementer can define an extension, there is a set of requirements that SHALL be met as part of the definition of the extension. Applications processing a resource are required to check for modifier extensions.

Modifier extensions SHALL NOT change the meaning of any elements on Resource or DomainResource (including cannot change the meaning of modifierExtension itself).","There can be no stigma associated with the use of extensions by any application, project, or standard - regardless of the institution or jurisdiction that uses or defines the extensions.  The use of extensions is what allows the FHIR specification to retain a core level of simplicity for everyone.","Modifier extensions allow for extensions that *cannot* be safely ignored to be clearly distinguished from the vast majority of extensions which can be safely ignored.  This promotes interoperability by eliminating the need for implementers to prohibit the presence of extensions. For further information, see the [definition of modifier extensions](http://build.fhir.org/extensibility.html#modifierExtension).","","","","","","","",,,,,"",,,,"BackboneElement.modifierExtension",0,*,"","ele-1:All FHIR elements must have a @value or children {hasValue() or (children().count() > id.count())}
ext-1:Must have either extensions or value[x], not both {extension.exists() != value.exists()}","N/A"
"Questionnaire.item.initial.value[x]","Questionnaire.item.initial.value[x]","","","",1,1,"","","","boolean {[]} {[]}
decimal {[]} {[]}integer {[]} {[]}date {[]} {[]}dateTime {[]} {[]}time {[]} {[]}string {[]} {[]}uri {[]} {[]}Attachment {[]} {[]}Coding {[]} {[]}Quantity {[]} {[]}Reference {[]} {[CanonicalType[http://hl7.org/fhir/StructureDefinition/Resource]]}","Actual value for initializing the question","The actual value to for an initial answer.","The type of the initial value must be consistent with the type of the item.","","","","","","","","",,"example","Allowed values to answer questions.","http://hl7.org/fhir/ValueSet/questionnaire-answers","",,,,"Questionnaire.item.initial.value[x]",1,1,"","ele-1:All FHIR elements must have a @value or children {hasValue() or (children().count() > id.count())}
","N/A - MIF rather than RIM level"
"Questionnaire.item.item","Questionnaire.item.item","","","",0,*,"","","","","Nested questionnaire items","Text, questions and other groups to be nested beneath a question or group.","There is no specified limit to the depth of nesting.  However, Questionnaire authors are encouraged to consider the impact on the user and user interface of overly deep nesting.","Reports can consist of complex nested groups.","","","","","","","",,,,,"",,,,"Questionnaire.item.item",0,*,"que-1a
que-1bque-1c","ele-1:All FHIR elements must have a @value or children {hasValue() or (children().count() > id.count())}
",".outboundRelationship[typeCode=COMP].target"
