{
  "resourceType": "ResearchStudy",
  "id": "ResearchStudy-1-002",
  "meta": {
    "profile": [
      "https://github.com/alpivonka/FHIR-Base-Clinical-Examples/StructureDefinition/the-research-study"
    ]
  },
  "text": {
    "status": "extensions",
    "div": "<div xmlns=\"http://www.w3.org/1999/xhtml\"><p><b>Generated Narrative: ResearchStudy</b><a name=\"ResearchStudy-1-002\"> </a></p><div style=\"display: inline-block; background-color: #d9e0e7; padding: 6px; margin: 4px; border: 1px solid #8da1b4; border-radius: 5px; line-height: 60%\"><p style=\"margin-bottom: 0px\">Resource ResearchStudy \"ResearchStudy-1-002\" </p><p style=\"margin-bottom: 0px\">Profile: <a href=\"StructureDefinition-the-research-study.html\">The Research Study</a></p></div><p><b>Epoch Definition</b>: <a href=\"PlanDefinition-EPCH-DEF-0002-2.html\">PlanDefinition/EPCH-DEF-0002-2</a> \"Epoch Plan Definition\"</p><p><b>status</b>: active</p><blockquote><p><b>comparisonGroup</b></p><p><b>name</b>: ARMGroupMonkeyFeet</p><p><b>type</b>: ARM <span style=\"background: LightGoldenRodYellow; margin: 4px; border: 1px solid khaki\"> ([not stated]#ARM)</span></p><p><b>observedGroup</b>: <a href=\"Group-ARMMonkeyFeet-internal-uuid2s.html\">Group/ARMMonkeyFeet-internal-uuid2s</a> \"MonkeyFeet\"</p></blockquote><blockquote><p><b>comparisonGroup</b></p><p><b>name</b>: ARMGroupMonkeyLegs</p><p><b>type</b>: ARM <span style=\"background: LightGoldenRodYellow; margin: 4px; border: 1px solid khaki\"> ([not stated]#ARM)</span></p><p><b>observedGroup</b>: <a href=\"Group-ARMGroupMonkeyLegs-uuid22s.html\">Group/ARMGroupMonkeyLegs-uuid22s</a> \"MonkeyFeet\"</p></blockquote></div>"
  },
  "extension": [
    {
      "url": "https://github.com/alpivonka/FHIR-Base-Clinical-Examples/StructureDefinition/epoch-definition-reference",
      "valueReference": {
        "reference": "PlanDefinition/EPCH-DEF-0002-2"
      }
    }
  ],
  "status": "active",
  "comparisonGroup": [
    {
      "name": "ARMGroupMonkeyFeet",
      "type": {
        "coding": [
          {
            "code": "ARM"
          }
        ]
      },
      "observedGroup": {
        "reference": "Group/ARMMonkeyFeet-internal-uuid2s"
      }
    },
    {
      "name": "ARMGroupMonkeyLegs",
      "type": {
        "coding": [
          {
            "code": "ARM"
          }
        ]
      },
      "observedGroup": {
        "reference": "Group/ARMGroupMonkeyLegs-uuid22s"
      }
    }
  ]
}