<?xml version="1.0" encoding="UTF-8"?><ActivityDefinition xmlns="http://hl7.org/fhir"><id value="f53a0dfe-9a2e-41f0-8378-d102629473a3-FHIR2"/><meta><extension url="http://hl7.org/fhir/StructureDefinition/firstCreated"><valueInstant value="2022-01-01T10:08:10Z"/></extension><lastUpdated value="2022-01-01T10:08:10Z"/><profile value="https://github.com/alpivonka/FHIR-Base-Clinical-Examples/StructureDefinition/soa-activity"/></meta><url value="https://github.com/alpivonka/FHIR-Base-Clinical-Examples/ActivityDefinition/f53a0dfe-9a2e-41f0-8378-d102629473a3-FHIR2"/><identifier><use value="secondary"/><type><coding><code value="partOf"/></coding><coding><code value="ResearchStudy"/></coding></type><system value="ResearchStudy/ResearchStudy-1-002"/></identifier><version value="1.0.0"/><name value="ActivityOID-ActivityScreening"/><status value="active"/><date value="2022-11-29T18:40:08+00:00"/><publisher value="ClinicalTrialExample"/></ActivityDefinition>