<?xml version="1.0" encoding="UTF-8"?><ActivityDefinition xmlns="http://hl7.org/fhir"><id value="ActivityDefinitionActivity-01"/><meta><tag><system value="Organization/7ad0f876s76dfa7d98a5s67"/><code value="DefinedActivityLibrary"/></tag></meta><url value="https://github.com/alpivonka/FHIR-Base-Clinical-Examples/ActivityDefinition/ActivityDefinitionActivity-01"/><version value="1.0.0"/><status value="active"/><date value="2022-11-29T19:18:22+00:00"/><publisher value="ClinicalTrialExample"/></ActivityDefinition>