<?xml version="1.0" encoding="UTF-8"?><ActivityDefinition xmlns="http://hl7.org/fhir"><id value="c936f630-d853-4933-b743-ae16e1f07820-FHIR2"/><meta><extension url="http://hl7.org/fhir/StructureDefinition/firstCreated"><valueInstant value="2022-01-01T10:08:10Z"/></extension><lastUpdated value="2022-01-01T10:08:10Z"/><profile value="https://github.com/alpivonka/FHIR-Base-Clinical-Examples/StructureDefinition/soa-activity"/></meta><url value="https://github.com/alpivonka/FHIR-Base-Clinical-Examples/ActivityDefinition/c936f630-d853-4933-b743-ae16e1f07820-FHIR2"/><identifier><use value="secondary"/><type><coding><code value="partOf"/></coding><coding><code value="ResearchStudy"/></coding></type><system value="ResearchStudy/ResearchStudy-1-002"/></identifier><version value="1.0.0"/><name value="ActivityOID-ActivityStudyPeriod"/><status value="active"/><date value="2022-11-28T18:54:17+00:00"/><publisher value="ClinicalTrialExample"/></ActivityDefinition>