<?xml version="1.0" encoding="UTF-8"?><PlanDefinition xmlns="http://hl7.org/fhir"><id value="Visit-V4-c936f630-d853-4933-b743-ae16e1f07820-FHIR2"/><meta><extension url="http://hl7.org/fhir/StructureDefinition/firstCreated"><valueInstant value="2022-01-01T10:08:10Z"/></extension><lastUpdated value="2022-01-01T10:08:10Z"/><profile value="https://github.com/alpivonka/FHIR-Base-Clinical-Examples/StructureDefinition/soa-visit-definition"/></meta><extension url="https://github.com/alpivonka/FHIR-Base-Clinical-Examples/StructureDefinition/study"><valueReference><reference value="ResearchStudy/ResearchStudy-1-002"/></valueReference></extension><url value="https://github.com/alpivonka/FHIR-Base-Clinical-Examples/PlanDefinition/Visit-V4-c936f630-d853-4933-b743-ae16e1f07820-FHIR2"/><version value="1.0.0"/><name value="v2"/><type><coding><system value="https://github.com/alpivonka/FHIR-Base-Clinical-Examples/CodeSystem/plan-definition-cs"/><code value="Visit"/></coding></type><status value="active"/><date value="2022-11-21T15:58:19+00:00"/><publisher value="ClinicalTrialExample"/><action><type><coding><code value="screeningActivity"/></coding></type><definitionUri value="ActivityDefinition/c936f630-d853-4933-b743-ae16e1f07820"/><action id="PROJlDatesInForm"><title value="PRO_Jl_DatesInForm"/><relatedAction><targetId value="PRO4MDatesinForm"/><relationship value="before"/></relatedAction><definitionUri value="Questionnaire/2995b4b6-c3cc-4a40-a27b-dc7ef903aa5d/1"/></action><action id="2PROttMissedEdairy"><title value="2.PRO_tt_Missed_Edairy"/><relatedAction><targetId value="PROJlDatesInForm"/><relationship value="after"/></relatedAction><definitionUri value="Questionnaire/39e2b915-6728-4138-8653-0b309910bb21/3"/></action></action></PlanDefinition>