<?xml version="1.0" encoding="UTF-8"?><PlanDefinition xmlns="http://hl7.org/fhir"><id value="DefinedActivitiesDefinition-001"/><meta><tag><system value="Organization/7ad0f876s76dfa7d98a5s67"/><code value="DefinedActivityLibrary"/></tag></meta><url value="https://github.com/alpivonka/FHIR-Base-Clinical-Examples/PlanDefinition/DefinedActivitiesDefinition-001"/><version value="1.0.0"/><type><coding><code value="PlatformDefinedActivities"/></coding></type><status value="active"/><date value="2022-11-29T18:40:08+00:00"/><publisher value="ClinicalTrialExample"/><action><type><coding><system value="http://hl7.org/fhir/resource-types"/><code value="Questionnaire"/></coding></type><action><definitionUri value="Questionnaire/eb57023c-1b1d-4777-9430-d9596bdcd52c"/></action><action><definitionUri value="Questionnaire/eb57023c-1b1d-4777-9430-d9596bdcd52d"/></action></action><action><type><coding><system value="http://hl7.org/fhir/resource-types"/><code value="ActivityDefinition"/></coding></type><action><definitionUri value="ActivityDefinition/32c0f9f2-36bd-42c4-a8e5-f045c2d1bfb0"/></action><action><definitionUri value="ActivityDefinition/4deb634a-6119-417f-a3e4-175417a0f5a7"/></action></action></PlanDefinition>