<?xml version="1.0" encoding="UTF-8"?><PlanDefinition xmlns="http://hl7.org/fhir"><id value="EPCH-DEF-0002-2"/><meta><profile value="https://github.com/alpivonka/FHIR-Base-Clinical-Examples/StructureDefinition/epoch-definition"/></meta><url value="https://github.com/alpivonka/FHIR-Base-Clinical-Examples/PlanDefinition/EPCH-DEF-0002-2"/><version value="1.0.0"/><name value="Epoch Plan Definition"/><type><coding><system value="https://github.com/alpivonka/FHIR-Base-Clinical-Examples/CodeSystem/soa-action-cs"/><code value="EPOCH"/></coding></type><status value="active"/><date value="2022-11-28T16:23:56+00:00"/><publisher value="ClinicalTrialExample"/><action id="SCREENING-65e9-11ed-9022-0242ac120002"><linkId value="SCREENING-65e9-11ed-9022-0242ac120002"/><prefix value="SCREENING-EPOCH"/><title value="SCREENING"/></action><action id="Treatment-65e9-11ed-9022-0242ac120001"><linkId value="Treatment-65e9-11ed-9022-0242ac120001"/><prefix value="Treatment-EPOCH"/><title value="Treatment"/></action><action id="Followup-65e9-11ed-9022-0242ac120000"><linkId value="Followup-65e9-11ed-9022-0242ac120000"/><prefix value="Followup-EPOCH"/><title value="Followup"/></action></PlanDefinition>