<?xml version="1.0" encoding="UTF-8"?><PlanDefinition xmlns="http://hl7.org/fhir"><id value="Visit-V1-9cb4666f-4516-4562-8f93-fd407e42ab6f-FHIR2"/><meta><extension url="http://hl7.org/fhir/StructureDefinition/firstCreated"><valueInstant value="2022-01-01T10:08:10Z"/></extension><lastUpdated value="2022-01-01T10:08:10Z"/><profile value="https://github.com/alpivonka/FHIR-Base-Clinical-Examples/StructureDefinition/soa-visit-definition"/></meta><url value="https://github.com/alpivonka/FHIR-Base-Clinical-Examples/PlanDefinition/Visit-V1-9cb4666f-4516-4562-8f93-fd407e42ab6f-FHIR2"/><identifier><use value="secondary"/><type><coding><code value="partOf"/></coding><coding><code value="ResearchStudy"/></coding></type><system value="ResearchStudy/ResearchStudy-1-002"/></identifier><version value="1.0.0"/><name value="v1"/><type><coding><system value="https://github.com/alpivonka/FHIR-Base-Clinical-Examples/CodeSystem/plan-definition-cs"/><code value="Visit"/></coding></type><status value="active"/><date value="2022-11-29T19:09:47+00:00"/><publisher value="ClinicalTrialExample"/><action><type><coding><code value="eConsentActivity"/></coding></type><definitionUri value="ActivityDefinition/9cb4666f-4516-4562-8f93-fd407e42ab6f"/><action><prefix value="consentFormGroupId"/><type><coding><code value="consentFormGroupId"/></coding></type><definitionUri value="beec3554-45a0-4447-9931-875b6d62efbf"/></action><action id="PROJlDatesInForm"><title value="PRO_Jl_DatesInForm"/><relatedAction><targetId value="PRO4MDatesinForm"/><relationship value="before"/></relatedAction><definitionUri value="Questionnaire/2995b4b6-c3cc-4a40-a27b-dc7ef903aa5d/1"/></action><action id="2PROttMissedEdairy"><title value="2.PRO_tt_Missed_Edairy"/><relatedAction><targetId value="PRO4MDatesinForm"/><relationship value="after"/></relatedAction><definitionUri value="Questionnaire/39e2b915-6728-4138-8653-0b309910bb21/3"/></action></action></PlanDefinition>