<?xml version="1.0" encoding="UTF-8"?>

<PlanDefinition xmlns="http://hl7.org/fhir">
  <id value="EPCH-DEF-0002-2"/>
  <meta>
    <profile value="https://github.com/alpivonka/FHIR-Base-Clinical-Examples/StructureDefinition/epoch-definition"/>
  </meta>
  <text>
    <status value="generated"/><div xmlns="http://www.w3.org/1999/xhtml"><p><b>Generated Narrative: PlanDefinition</b><a name="EPCH-DEF-0002-2"> </a></p><div style="display: inline-block; background-color: #d9e0e7; padding: 6px; margin: 4px; border: 1px solid #8da1b4; border-radius: 5px; line-height: 60%"><p style="margin-bottom: 0px">Resource PlanDefinition "EPCH-DEF-0002-2" </p><p style="margin-bottom: 0px">Profile: <a href="StructureDefinition-epoch-definition.html">Epoch Definition</a></p></div><p><b>url</b>: <code>https://github.com/alpivonka/FHIR-Base-Clinical-Examples/PlanDefinition/EPCH-DEF-0002-2</code></p><p><b>version</b>: 1.0.0</p><p><b>name</b>: Epoch Plan Definition</p><p><b>type</b>: Epoch reference <span style="background: LightGoldenRodYellow; margin: 4px; border: 1px solid khaki"> (<a href="CodeSystem-soa-action-cs.html">CodeSystem: SoAAction CS</a>#EPOCH)</span></p><p><b>status</b>: active</p><p><b>date</b>: 2022-11-17 06:50:22+0000</p><p><b>publisher</b>: ClinicalTrialExample</p><blockquote><p><b>action</b></p><p><b>linkId</b>: SCREENING-65e9-11ed-9022-0242ac120002</p><p><b>prefix</b>: SCREENING-EPOCH</p><p><b>title</b>: SCREENING</p></blockquote><blockquote><p><b>action</b></p><p><b>linkId</b>: Treatment-65e9-11ed-9022-0242ac120001</p><p><b>prefix</b>: Treatment-EPOCH</p><p><b>title</b>: Treatment</p></blockquote><blockquote><p><b>action</b></p><p><b>linkId</b>: Followup-65e9-11ed-9022-0242ac120000</p><p><b>prefix</b>: Followup-EPOCH</p><p><b>title</b>: Followup</p></blockquote></div>
  </text>
  <url value="https://github.com/alpivonka/FHIR-Base-Clinical-Examples/PlanDefinition/EPCH-DEF-0002-2"/>
  <version value="1.0.0"/>
  <name value="Epoch Plan Definition"/>
  <type>
    <coding>
      <system value="https://github.com/alpivonka/FHIR-Base-Clinical-Examples/CodeSystem/soa-action-cs"/>
      <code value="EPOCH"/>
    </coding>
  </type>
  <status value="active"/>
  <date value="2022-11-17T18:50:22+00:00"/>
  <publisher value="ClinicalTrialExample"/>
  <action id="SCREENING-65e9-11ed-9022-0242ac120002">
    <linkId value="SCREENING-65e9-11ed-9022-0242ac120002"/>
    <prefix value="SCREENING-EPOCH"/>
    <title value="SCREENING"/>
  </action>
  <action id="Treatment-65e9-11ed-9022-0242ac120001">
    <linkId value="Treatment-65e9-11ed-9022-0242ac120001"/>
    <prefix value="Treatment-EPOCH"/>
    <title value="Treatment"/>
  </action>
  <action id="Followup-65e9-11ed-9022-0242ac120000">
    <linkId value="Followup-65e9-11ed-9022-0242ac120000"/>
    <prefix value="Followup-EPOCH"/>
    <title value="Followup"/>
  </action>
</PlanDefinition>