<?xml version="1.0" encoding="UTF-8"?>

<PlanDefinition xmlns="http://hl7.org/fhir">
  <id value="Visit-V3-343f3656-9ddd-4e10-996f-dba5a64650f2-FHIR2"/>
  <meta>
    <lastUpdated value="2022-01-01T10:08:10Z"/>
    <profile value="https://github.com/alpivonka/FHIR-Base-Clinical-Examples/StructureDefinition/soa-visit-definition"/>
  </meta>
  <text>
    <status value="generated"/><div xmlns="http://www.w3.org/1999/xhtml"><p><b>Generated Narrative: PlanDefinition</b><a name="Visit-V3-343f3656-9ddd-4e10-996f-dba5a64650f2-FHIR2"> </a></p><div style="display: inline-block; background-color: #d9e0e7; padding: 6px; margin: 4px; border: 1px solid #8da1b4; border-radius: 5px; line-height: 60%"><p style="margin-bottom: 0px">Resource PlanDefinition &quot;Visit-V3-343f3656-9ddd-4e10-996f-dba5a64650f2-FHIR2&quot; Updated &quot;2022-01-01 10:08:10+0000&quot; </p><p style="margin-bottom: 0px">Profile: <a href="StructureDefinition-soa-visit-definition.html">Profile: SoA Visit Definition</a></p></div><p><b>url</b>: <code>https://github.com/alpivonka/FHIR-Base-Clinical-Examples/PlanDefinition/Visit-V3-343f3656-9ddd-4e10-996f-dba5a64650f2-FHIR2</code></p><p><b>identifier</b>: partOf: ?ngen-9? (use: SECONDARY)</p><p><b>version</b>: 1.0.0</p><p><b>name</b>: v2</p><p><b>type</b>: Visit <span style="background: LightGoldenRodYellow; margin: 4px; border: 1px solid khaki"> (<a href="CodeSystem-plan-definition-cs.html">CodeSystem: Plan Definition CS</a>#Visit)</span></p><p><b>status</b>: active</p><p><b>date</b>: 2022-11-28 04:23:56+0000</p><p><b>publisher</b>: ClinicalTrialExample</p><blockquote><p><b>action</b></p><p><b>type</b>: screeningActivity <span style="background: LightGoldenRodYellow; margin: 4px; border: 1px solid khaki"> ([not stated]#screeningActivity)</span></p><p><b>definition</b>: <code>ActivityDefinition/f53a0dfe-9a2e-41f0-8378-d102629473a3</code></p><blockquote><p><b>action</b></p><p><b>title</b>: PRO_Jl_DatesInForm</p><p><b>definition</b>: <code>Questionnaire/2995b4b6-c3cc-4a40-a27b-dc7ef903aa5d/1</code></p></blockquote><blockquote><p><b>action</b></p><p><b>title</b>: PRO_4M_DatesinForm</p><p><b>definition</b>: <code>Questionnaire/7a3ef9fe-f055-470c-b854-0e2925797002/2</code></p></blockquote></blockquote></div>
  </text>
  <url value="https://github.com/alpivonka/FHIR-Base-Clinical-Examples/PlanDefinition/Visit-V3-343f3656-9ddd-4e10-996f-dba5a64650f2-FHIR2"/>
  <identifier>
    <use value="secondary"/>
    <type>
      <coding>
        <code value="partOf"/>
      </coding>
      <coding>
        <code value="ResearchStudy"/>
      </coding>
    </type>
    <system value="ResearchStudy/ResearchStudy-1-002"/>
  </identifier>
  <version value="1.0.0"/>
  <name value="v2"/>
  <type>
    <coding>
      <system value="https://github.com/alpivonka/FHIR-Base-Clinical-Examples/CodeSystem/plan-definition-cs"/>
      <code value="Visit"/>
    </coding>
  </type>
  <status value="active"/>
  <date value="2022-11-28T16:23:56+00:00"/>
  <publisher value="ClinicalTrialExample"/>
  <action>
    <type>
      <coding>
        <code value="screeningActivity"/>
      </coding>
    </type>
    <definitionUri value="ActivityDefinition/f53a0dfe-9a2e-41f0-8378-d102629473a3"/>
    <action id="PROJlDatesInForm">
      <title value="PRO_Jl_DatesInForm"/>
      <relatedAction>
        <targetId value="PRO4MDatesinForm"/>
        <relationship value="before"/>
      </relatedAction>
      <definitionUri value="Questionnaire/2995b4b6-c3cc-4a40-a27b-dc7ef903aa5d/1"/>
    </action>
    <action id="PRO4MDatesinForm">
      <title value="PRO_4M_DatesinForm"/>
      <relatedAction>
        <targetId value="PROJlDatesInForm"/>
        <relationship value="after"/>
      </relatedAction>
      <definitionUri value="Questionnaire/7a3ef9fe-f055-470c-b854-0e2925797002/2"/>
    </action>
  </action>
</PlanDefinition>