<?xml version="1.0" encoding="UTF-8"?><ActivityDefinition xmlns="http://hl7.org/fhir"><id value="343f3656-9ddd-4e10-996f-dba5a64650f2-FHIR2"/><meta><extension url="http://hl7.org/fhir/StructureDefinition/firstCreated"><valueInstant value="2022-01-01T10:08:10Z"/></extension><lastUpdated value="2022-01-01T10:08:10Z"/><profile value="https://github.com/alpivonka/FHIR-Base-Clinical-Examples/StructureDefinition/so-aactivity"/></meta><extension url="https://github.com/alpivonka/FHIR-Base-Clinical-Examples/StructureDefinition/study"><valueReference><reference value="ResearchStudy/ResearchStudy-1-002"/></valueReference></extension><url value="https://github.com/alpivonka/FHIR-Base-Clinical-Examples/ActivityDefinition/343f3656-9ddd-4e10-996f-dba5a64650f2-FHIR2"/><version value="1.0.0"/><name value="ActivityOID-ActivityEligibility"/><status value="active"/><date value="2022-11-16T15:08:29+00:00"/><publisher value="ClinicalTrialExample"/></ActivityDefinition>