<?xml version="1.0" encoding="UTF-8"?><ActivityDefinition xmlns="http://hl7.org/fhir"><id value="9cb4666f-4516-4562-8f93-fd407e42ab6f-FHIR2-ActivityCollectCosen"/><meta><extension url="http://hl7.org/fhir/StructureDefinition/firstCreated"><valueInstant value="2022-01-01T10:08:10Z"/></extension><lastUpdated value="2022-01-01T10:08:10Z"/><profile value="https://github.com/alpivonka/FHIR-Base-Clinical-Examples/StructureDefinition/soa-activity"/></meta><extension url="https://github.com/alpivonka/FHIR-Base-Clinical-Examples/StructureDefinition/study"><valueReference><reference value="ResearchStudy/ResearchStudy-1-002"/></valueReference></extension><url value="https://github.com/alpivonka/FHIR-Base-Clinical-Examples/ActivityDefinition/9cb4666f-4516-4562-8f93-fd407e42ab6f-FHIR2-ActivityCollectCosen"/><version value="1.0.0"/><name value="ActivityOID-CollectCosent"/><status value="active"/><date value="2022-11-17T18:50:22+00:00"/><publisher value="ClinicalTrialExample"/></ActivityDefinition>