<?xml version="1.0" encoding="UTF-8"?><ActivityDefinition xmlns="http://hl7.org/fhir"><id value="343f3656-9ddd-4e10-996f-dba5a64650f2-FHIR2"/><meta><extension url="http://hl7.org/fhir/StructureDefinition/firstCreated"><valueInstant value="2022-01-01T10:08:10Z"/></extension><lastUpdated value="2022-01-01T10:08:10Z"/><profile value="https://github.com/alpivonka/FHIR-Base-Clinical-Examples/StructureDefinition/soa-activity"/></meta><url value="https://github.com/alpivonka/FHIR-Base-Clinical-Examples/ActivityDefinition/343f3656-9ddd-4e10-996f-dba5a64650f2-FHIR2"/><identifier><use value="secondary"/><type><coding><code value="partOf"/></coding><coding><code value="ResearchStudy"/></coding></type><system value="ResearchStudy/ResearchStudy-1-002"/></identifier><version value="1.0.0"/><name value="ActivityOID-ActivityEligibility"/><status value="active"/><date value="2022-11-29T14:39:13+00:00"/><publisher value="ClinicalTrialExample"/></ActivityDefinition>