<?xml version="1.0" encoding="UTF-8"?><CodeSystem xmlns="http://hl7.org/fhir"><id value="questionnare-code-cs"/><text><status value="generated"/><div xmlns="http://www.w3.org/1999/xhtml"><p>This code system <code>https://github.com/alpivonka/FHIR-Base-Clinical-Examples/CodeSystem/questionnare-code-cs</code> defines the following codes:</p><table class="codes"><tr><td style="white-space:nowrap"><b>Code</b></td><td><b>Display</b></td><td><b>Definition</b></td></tr><tr><td style="white-space:nowrap">recurrring<a name="questionnare-code-cs-recurrring"> </a></td><td>Recurrring-Form</td><td>Recurrring Form</td></tr><tr><td style="white-space:nowrap">adHoc<a name="questionnare-code-cs-adHoc"> </a></td><td>adHoc-Form</td><td>adHoc Form</td></tr><tr><td style="white-space:nowrap">onGoing<a name="questionnare-code-cs-onGoing"> </a></td><td>onGoing-Form</td><td>eDiaronGoingy Form</td></tr></table></div></text><url value="https://github.com/alpivonka/FHIR-Base-Clinical-Examples/CodeSystem/questionnare-code-cs"/><version value="1.0.0"/><name value="QuestionnareCodeCS"/><title value="CodeSystem: Questionnare Code Cs"/><status value="active"/><date value="2022-11-28T18:46:24+00:00"/><publisher value="ClinicalTrialExample"/><description value="specific Codes for Questionnaire"/><caseSensitive value="false"/><content value="complete"/><count value="3"/><concept><code value="recurrring"/><display value="Recurrring-Form"/><definition value="Recurrring Form"/></concept><concept><code value="adHoc"/><display value="adHoc-Form"/><definition value="adHoc Form"/></concept><concept><code value="onGoing"/><display value="onGoing-Form"/><definition value="eDiaronGoingy Form"/></concept></CodeSystem>