<?xml version="1.0" encoding="UTF-8"?><CodeSystem xmlns="http://hl7.org/fhir"><id value="visit-segment-cs"/><text><status value="generated"/><div xmlns="http://www.w3.org/1999/xhtml"><p>This code system <code>https://github.com/alpivonka/FHIR-Base-Clinical-Examples/CodeSystem/visit-segment-cs</code> defines the following codes:</p><table class="codes"><tr><td style="white-space:nowrap"><b>Code</b></td><td><b>Display</b></td><td><b>Definition</b></td></tr><tr><td style="white-space:nowrap">ACTIVITIES<a name="visit-segment-cs-ACTIVITIES"> </a></td><td>Activities</td><td>List of Activities</td></tr><tr><td style="white-space:nowrap">UNSCHEDULED_ACTIVITIES<a name="visit-segment-cs-UNSCHEDULED_ACTIVITIES"> </a></td><td>UnscheduledActivities</td><td>Unscheduled Activities</td></tr><tr><td style="white-space:nowrap">ACTVITY_SEGMENT<a name="visit-segment-cs-ACTVITY_SEGMENT"> </a></td><td>ACTVITY_SEGMENT</td><td>ACTVITY_SEGMENT</td></tr><tr><td style="white-space:nowrap">DAY_ZERO<a name="visit-segment-cs-DAY_ZERO"> </a></td><td>DayZero</td><td>Day Zero</td></tr><tr><td style="white-space:nowrap">RECURRING_FORMS<a name="visit-segment-cs-RECURRING_FORMS"> </a></td><td>Recurrring-Form</td><td>Recurrring Form</td></tr><tr><td style="white-space:nowrap">ADHOC_FORMS<a name="visit-segment-cs-ADHOC_FORMS"> </a></td><td>adHoc-Form</td><td>adHoc Form</td></tr><tr><td style="white-space:nowrap">ONGOING_FORMS<a name="visit-segment-cs-ONGOING_FORMS"> </a></td><td>onGoing-Form</td><td>eDiaronGoingy Form</td></tr></table></div></text><url value="https://github.com/alpivonka/FHIR-Base-Clinical-Examples/CodeSystem/visit-segment-cs"/><version value="1.0.0"/><name value="VisitSegmentCS"/><title value="CodeSystem: Visit Segment CS"/><status value="active"/><date value="2022-11-16T15:08:29+00:00"/><publisher value="ClinicalTrialExample"/><description value="Visit Segment CS"/><caseSensitive value="false"/><content value="complete"/><count value="7"/><concept><code value="ACTIVITIES"/><display value="Activities"/><definition value="List of Activities"/></concept><concept><code value="UNSCHEDULED_ACTIVITIES"/><display value="UnscheduledActivities"/><definition value="Unscheduled Activities"/></concept><concept><code value="ACTVITY_SEGMENT"/><display value="ACTVITY_SEGMENT"/><definition value="ACTVITY_SEGMENT"/></concept><concept><code value="DAY_ZERO"/><display value="DayZero"/><definition value="Day Zero"/></concept><concept><code value="RECURRING_FORMS"/><display value="Recurrring-Form"/><definition value="Recurrring Form"/></concept><concept><code value="ADHOC_FORMS"/><display value="adHoc-Form"/><definition value="adHoc Form"/></concept><concept><code value="ONGOING_FORMS"/><display value="onGoing-Form"/><definition value="eDiaronGoingy Form"/></concept></CodeSystem>