<?xml version="1.0" encoding="UTF-8"?><ImplementationGuide xmlns="http://hl7.org/fhir"><id value="ClinicalTrialExample"/><text><status value="extensions"/><div xmlns="http://www.w3.org/1999/xhtml"><h2>ClinicalTrialExampleIG</h2><p>The official URL for this implementation guide is: </p><pre>https://github.com/alpivonka/FHIR-Base-Clinical-Examples/ImplementationGuide/ClinicalTrialExample</pre><div><p>Example IG exercises many of the fields in a SUSHI configuration.</p>
</div></div></text><url value="https://github.com/alpivonka/FHIR-Base-Clinical-Examples/ImplementationGuide/ClinicalTrialExample"/><version value="1.0.0"/><name value="ClinicalTrialExampleIG"/><title value="HL7 FHIR Implementation Guide: Example IG Release 1 - US Realm | STU1"/><status value="active"/><date value="2020-02-26"/><publisher value="ClinicalTrialExample"/><description value="Example IG exercises many of the fields in a SUSHI configuration."/><packageId value="ClinicalTrialExample"/><license value="CC0-1.0"/><fhirVersion value="5.0.0-ballot"/><dependsOn id="hl7tx"><extension url="http://hl7.org/fhir/tools/StructureDefinition/implementationguide-dependency-comment"><valueMarkdown value="Automatically added as a dependency - all IGs depend on HL7 Terminology"/></extension><uri value="http://terminology.hl7.org/ImplementationGuide/hl7.terminology"/><packageId value="hl7.terminology.r5"/><version value="5.0.0"/></dependsOn><definition><grouping id="-str-profile"><name value="Structures: Resource Profiles"/><description value="These define constraints on FHIR resources for systems conforming to this implementation guide"/></grouping><grouping id="-str-extension"><name value="Structures: Extension Definitions"/><description value="These define constraints on FHIR data types for systems conforming to this implementation guide"/></grouping><grouping id="-term-codesystem"><name value="Terminology: Code Systems"/><description value="These define new code systems used by systems conforming to this implementation guide"/></grouping><grouping id="-ex-example"><name value="Example: Example Instances"/><description value="These are example instances that show what data produced and consumed by systems conforming with this implementation guide might look like"/></grouping><resource><extension url="http://hl7.org/fhir/StructureDefinition/implementationguide-page"><valueUri value="StructureDefinition-arm-group-profile.html"/></extension><reference><reference value="StructureDefinition/arm-group-profile"/></reference><name value="ARM Group"/><description value="ARM SPECIFIC extentions"/><isExample value="false"/><groupingId value="-str-profile"/></resource><resource><extension url="http://hl7.org/fhir/StructureDefinition/implementationguide-page"><valueUri value="StructureDefinition-so-aactivity.html"/></extension><reference><reference value="StructureDefinition/so-aactivity"/></reference><name value="SoA Activity"/><isExample value="false"/><groupingId value="-str-profile"/></resource><resource><extension url="http://hl7.org/fhir/StructureDefinition/implementationguide-page"><valueUri value="StructureDefinition-soa-definition.html"/></extension><reference><reference value="StructureDefinition/soa-definition"/></reference><name value="Profile: SoA Definition"/><description value="SoA Definition"/><isExample value="false"/><groupingId value="-str-profile"/></resource><resource><extension url="http://hl7.org/fhir/StructureDefinition/implementationguide-page"><valueUri value="StructureDefinition-soa-plan-definition.html"/></extension><reference><reference value="StructureDefinition/soa-plan-definition"/></reference><name value="Profile: SoA Plan Definition"/><description value="SoA PlanDefinition"/><isExample value="false"/><groupingId value="-str-profile"/></resource><resource><extension url="http://hl7.org/fhir/StructureDefinition/implementationguide-page"><valueUri value="StructureDefinition-soa-questionnaire.html"/></extension><reference><reference value="StructureDefinition/soa-questionnaire"/></reference><name value="SoA Questionnaire"/><description value="SoA Questionnaire"/><isExample value="false"/><groupingId value="-str-profile"/></resource><resource><extension url="http://hl7.org/fhir/StructureDefinition/implementationguide-page"><valueUri value="StructureDefinition-segment-plan-definition.html"/></extension><reference><reference value="StructureDefinition/segment-plan-definition"/></reference><name value="Profile: SoA Segment Plan Definition"/><description value="SoA SegmentPlanDefinition"/><isExample value="false"/><groupingId value="-str-profile"/></resource><resource><extension url="http://hl7.org/fhir/StructureDefinition/implementationguide-page"><valueUri value="StructureDefinition-soa-visit-definition.html"/></extension><reference><reference value="StructureDefinition/soa-visit-definition"/></reference><name value="Profile: SoA Visit Definition"/><description value="SoA Visit Definition"/><isExample value="false"/><groupingId value="-str-profile"/></resource><resource><extension url="http://hl7.org/fhir/StructureDefinition/implementationguide-page"><valueUri value="StructureDefinition-the-research-subject.html"/></extension><reference><reference value="StructureDefinition/the-research-subject"/></reference><name value="ResearchSubject"/><description value="ResearchSubject"/><isExample value="false"/><groupingId value="-str-profile"/></resource><resource><extension url="http://hl7.org/fhir/StructureDefinition/implementationguide-page"><valueUri value="StructureDefinition-arm-group-att-ext.html"/></extension><reference><reference value="StructureDefinition/arm-group-att-ext"/></reference><name value="ARMGroup"/><description value="ARM Group attribute extensions"/><isExample value="false"/><groupingId value="-str-extension"/></resource><resource><extension url="http://hl7.org/fhir/StructureDefinition/implementationguide-page"><valueUri value="StructureDefinition-AcceptableOffsetRangeSoa.html"/></extension><reference><reference value="StructureDefinition/AcceptableOffsetRangeSoa"/></reference><name value="Extension: Acceptable Offset Range"/><description value="Provides an offset range that, along with offsetDuration, indicates an acceptable range of dates for a related action."/><isExample value="false"/><groupingId value="-str-extension"/></resource><resource><extension url="http://hl7.org/fhir/StructureDefinition/implementationguide-page"><valueUri value="StructureDefinition-arm-group-ext.html"/></extension><reference><reference value="StructureDefinition/arm-group-ext"/></reference><name value="Arm Group"/><description value="Arm Group"/><isExample value="false"/><groupingId value="-str-extension"/></resource><resource><extension url="http://hl7.org/fhir/StructureDefinition/implementationguide-page"><valueUri value="StructureDefinition-cohort-group-ext.html"/></extension><reference><reference value="StructureDefinition/cohort-group-ext"/></reference><name value="Cohort Group"/><description value="Cohort Group"/><isExample value="false"/><groupingId value="-str-extension"/></resource><resource><extension url="http://hl7.org/fhir/StructureDefinition/implementationguide-page"><valueUri value="StructureDefinition-epoch.html"/></extension><reference><reference value="StructureDefinition/epoch"/></reference><name value="Epoch"/><isExample value="false"/><groupingId value="-str-extension"/></resource><resource><extension url="http://hl7.org/fhir/StructureDefinition/implementationguide-page"><valueUri value="StructureDefinition-group-references.html"/></extension><reference><reference value="StructureDefinition/group-references"/></reference><name value="Group References"/><isExample value="false"/><groupingId value="-str-extension"/></resource><resource><extension url="http://hl7.org/fhir/StructureDefinition/implementationguide-page"><valueUri value="StructureDefinition-study.html"/></extension><reference><reference value="StructureDefinition/study"/></reference><name value="Part Of Research Study"/><description value="child to parent reference/association"/><isExample value="false"/><groupingId value="-str-extension"/></resource><resource><extension url="http://hl7.org/fhir/StructureDefinition/implementationguide-page"><valueUri value="StructureDefinition--visit-range.html"/></extension><reference><reference value="StructureDefinition/-visit-range"/></reference><name value="Visit Range"/><description value="Range of Visits"/><isExample value="false"/><groupingId value="-str-extension"/></resource><resource><extension url="http://hl7.org/fhir/StructureDefinition/implementationguide-page"><valueUri value="CodeSystem-plan-definition-cs.html"/></extension><reference><reference value="CodeSystem/plan-definition-cs"/></reference><name value="CodeSystem: Plan Definition CS"/><description value="Plan Definition CS"/><isExample value="false"/><groupingId value="-term-codesystem"/></resource><resource><extension url="http://hl7.org/fhir/StructureDefinition/implementationguide-page"><valueUri value="CodeSystem-questionnare-code-cs.html"/></extension><reference><reference value="CodeSystem/questionnare-code-cs"/></reference><name value="CodeSystem: Questionnare Code Cs"/><description value="specific Codes for Questionnaire"/><isExample value="false"/><groupingId value="-term-codesystem"/></resource><resource><extension url="http://hl7.org/fhir/StructureDefinition/implementationguide-page"><valueUri value="CodeSystem-visit-segment-cs.html"/></extension><reference><reference value="CodeSystem/visit-segment-cs"/></reference><name value="CodeSystem: Visit Segment CS"/><description value="Visit Segment CS"/><isExample value="false"/><groupingId value="-term-codesystem"/></resource><resource><extension url="http://hl7.org/fhir/StructureDefinition/implementationguide-page"><valueUri value="ActivityDefinition-343f3656-9ddd-4e10-996f-dba5a64650f2-FHIR2.html"/></extension><reference><reference value="ActivityDefinition/343f3656-9ddd-4e10-996f-dba5a64650f2-FHIR2"/></reference><name value="Example-SoA: ActivityEligibility-Visit-V3--FHIR2"/><description value="ActivityEligibility-Visit-V3--FHIR2"/><profile value="https://github.com/alpivonka/FHIR-Base-Clinical-Examples/StructureDefinition/so-aactivity"/><groupingId value="-ex-example"/></resource><resource><extension url="http://hl7.org/fhir/StructureDefinition/implementationguide-page"><valueUri value="ActivityDefinition-9cb4666f-4516-4562-8f93-fd407e42ab6f-FHIR2-ActivityCollectCosen.html"/></extension><reference><reference value="ActivityDefinition/9cb4666f-4516-4562-8f93-fd407e42ab6f-FHIR2-ActivityCollectCosen"/></reference><name value="Example-SoA: ActivityCollectCosen-Visit-V1--FHIR2"/><description value="ActivityCollectCosen-Visit-V1--FHIR2"/><profile value="https://github.com/alpivonka/FHIR-Base-Clinical-Examples/StructureDefinition/so-aactivity"/><groupingId value="-ex-example"/></resource><resource><extension url="http://hl7.org/fhir/StructureDefinition/implementationguide-page"><valueUri value="Group-ARMGroupMonkeyLegs-uuid22s.html"/></extension><reference><reference value="Group/ARMGroupMonkeyLegs-uuid22s"/></reference><name value="Example ARMGroup"/><description value="Example ARMGroup"/><profile value="https://github.com/alpivonka/FHIR-Base-Clinical-Examples/StructureDefinition/arm-group-profile"/><groupingId value="-ex-example"/></resource><resource><extension url="http://hl7.org/fhir/StructureDefinition/implementationguide-page"><valueUri value="Group-ARMMonkeyFeet-internal-uuid2s.html"/></extension><reference><reference value="Group/ARMMonkeyFeet-internal-uuid2s"/></reference><name value="Example ARMGroup"/><description value="Example ARMGroup"/><profile value="https://github.com/alpivonka/FHIR-Base-Clinical-Examples/StructureDefinition/arm-group-profile"/><groupingId value="-ex-example"/></resource><resource><extension url="http://hl7.org/fhir/StructureDefinition/implementationguide-page"><valueUri value="Group-Cohort2GroupUnder50-ososi.html"/></extension><reference><reference value="Group/Cohort2GroupUnder50-ososi"/></reference><name value="Example CohortGroup"/><description value="Example CohortGroup"/><isExample value="true"/><groupingId value="-ex-example"/></resource><resource><extension url="http://hl7.org/fhir/StructureDefinition/implementationguide-page"><valueUri value="Group-CohortGroupOver50-ss9s9s9.html"/></extension><reference><reference value="Group/CohortGroupOver50-ss9s9s9"/></reference><name value="Example CohortGroup"/><description value="Example CohortGroup"/><isExample value="true"/><groupingId value="-ex-example"/></resource><resource><extension url="http://hl7.org/fhir/StructureDefinition/implementationguide-page"><valueUri value="Group-CohortGroupUnder25.html"/></extension><reference><reference value="Group/CohortGroupUnder25"/></reference><name value="Example CohortGroup"/><description value="Example CohortGroup"/><isExample value="true"/><groupingId value="-ex-example"/></resource><resource><extension url="http://hl7.org/fhir/StructureDefinition/implementationguide-page"><valueUri value="PlanDefinition-NEW-SOA-UUID-FHIR2.html"/></extension><reference><reference value="PlanDefinition/NEW-SOA-UUID-FHIR2"/></reference><name value="Example-SoA: SoADefinition-FHIR2"/><description value="SoADefinition-FHIR2 "/><profile value="https://github.com/alpivonka/FHIR-Base-Clinical-Examples/StructureDefinition/soa-definition"/><groupingId value="-ex-example"/></resource><resource><extension url="http://hl7.org/fhir/StructureDefinition/implementationguide-page"><valueUri value="Patient-Patient-1-001.html"/></extension><reference><reference value="Patient/Patient-1-001"/></reference><name value="Example ThePatient"/><description value="Example ThePatient"/><isExample value="true"/><groupingId value="-ex-example"/></resource><resource><extension url="http://hl7.org/fhir/StructureDefinition/implementationguide-page"><valueUri value="ResearchStudy-ResearchStudy-1-002.html"/></extension><reference><reference value="ResearchStudy/ResearchStudy-1-002"/></reference><name value="Example ResearchStudy"/><description value="Example ResearchStudy"/><isExample value="true"/><groupingId value="-ex-example"/></resource><resource><extension url="http://hl7.org/fhir/StructureDefinition/implementationguide-page"><valueUri value="ResearchSubject-ResearchSubject-1.html"/></extension><reference><reference value="ResearchSubject/ResearchSubject-1"/></reference><name value="Example ResearchSubject Cohort/ARM"/><description value="Example ResearchSubject Cohort/ARM"/><profile value="https://github.com/alpivonka/FHIR-Base-Clinical-Examples/StructureDefinition/the-research-subject"/><groupingId value="-ex-example"/></resource><resource><extension url="http://hl7.org/fhir/StructureDefinition/implementationguide-page"><valueUri value="PlanDefinition-Visit-V1-9cb4666f-4516-4562-8f93-fd407e42ab6f-FHIR2.html"/></extension><reference><reference value="PlanDefinition/Visit-V1-9cb4666f-4516-4562-8f93-fd407e42ab6f-FHIR2"/></reference><name value="Example-SoA: SoAVisitDefinition-Visit-V1-FHIR2"/><description value="SoAVisitDefinition-Visit-V1-FHIR2"/><profile value="https://github.com/alpivonka/FHIR-Base-Clinical-Examples/StructureDefinition/soa-visit-definition"/><groupingId value="-ex-example"/></resource><resource><extension url="http://hl7.org/fhir/StructureDefinition/implementationguide-page"><valueUri value="PlanDefinition-Visit-V2-f53a0dfe-9a2e-41f0-8378-d102629473a3-FHIR2.html"/></extension><reference><reference value="PlanDefinition/Visit-V2-f53a0dfe-9a2e-41f0-8378-d102629473a3-FHIR2"/></reference><name value="Example-SoA: SoAVisitDefinition-Visit-V2-FHIR2"/><description value="SoAVisitDefinition-Visit-V2-FHIR2"/><profile value="https://github.com/alpivonka/FHIR-Base-Clinical-Examples/StructureDefinition/soa-visit-definition"/><groupingId value="-ex-example"/></resource><resource><extension url="http://hl7.org/fhir/StructureDefinition/implementationguide-page"><valueUri value="PlanDefinition-Visit-V3-343f3656-9ddd-4e10-996f-dba5a64650f2-FHIR2.html"/></extension><reference><reference value="PlanDefinition/Visit-V3-343f3656-9ddd-4e10-996f-dba5a64650f2-FHIR2"/></reference><name value="Example-SoA: SoAVisitDefinition-Visit-V3-FHIR2"/><description value="SoAVisitDefinition-Visit-V3-FHIR2"/><profile value="https://github.com/alpivonka/FHIR-Base-Clinical-Examples/StructureDefinition/soa-visit-definition"/><groupingId value="-ex-example"/></resource><resource><extension url="http://hl7.org/fhir/StructureDefinition/implementationguide-page"><valueUri value="PlanDefinition-Visit-V4-c936f630-d853-4933-b743-ae16e1f07820-FHIR2.html"/></extension><reference><reference value="PlanDefinition/Visit-V4-c936f630-d853-4933-b743-ae16e1f07820-FHIR2"/></reference><name value="Example-SoA: SoAVisitDefinition-Visit-V4-FHIR2"/><description value="SoAVisitDefinition-Visit-V4-FHIR2"/><profile value="https://github.com/alpivonka/FHIR-Base-Clinical-Examples/StructureDefinition/soa-visit-definition"/><groupingId value="-ex-example"/></resource><resource><extension url="http://hl7.org/fhir/StructureDefinition/implementationguide-page"><valueUri value="ActivityDefinition-c936f630-d853-4933-b743-ae16e1f07820-FHIR2.html"/></extension><reference><reference value="ActivityDefinition/c936f630-d853-4933-b743-ae16e1f07820-FHIR2"/></reference><name value="Example-SoA: ActivityStudyPeriod-Visit-V4--FHIR2"/><description value="ActivityStudyPeriod-Visit-V4--FHIR2"/><profile value="https://github.com/alpivonka/FHIR-Base-Clinical-Examples/StructureDefinition/so-aactivity"/><groupingId value="-ex-example"/></resource><resource><extension url="http://hl7.org/fhir/StructureDefinition/implementationguide-page"><valueUri value="ActivityDefinition-f53a0dfe-9a2e-41f0-8378-d102629473a3-FHIR2.html"/></extension><reference><reference value="ActivityDefinition/f53a0dfe-9a2e-41f0-8378-d102629473a3-FHIR2"/></reference><name value="Example-SoA: ActivityScreening-Visit-V2--FHIR2"/><description value="ActivityScreening-Visit-V2--FHIR2"/><profile value="https://github.com/alpivonka/FHIR-Base-Clinical-Examples/StructureDefinition/so-aactivity"/><groupingId value="-ex-example"/></resource><page><sourceUrl value="toc.html"/><name value="toc.html"/><title value="Table of Contents"/><generation value="html"/><page><sourceUrl value="index.html"/><name value="index.html"/><title value="Home"/><generation value="html"/></page><page><sourceUrl value="changes.html"/><name value="changes.html"/><title value="Changes"/><generation value="html"/></page><page><sourceUrl value="artifacts.html"/><name value="artifacts.html"/><title value="Artifacts Summary"/><generation value="html"/><page><sourceUrl value="StructureDefinition-arm-group-profile.html"/><name value="StructureDefinition-arm-group-profile.html"/><title value="ARM Group"/><generation value="generated"/></page><page><sourceUrl value="StructureDefinition-so-aactivity.html"/><name value="StructureDefinition-so-aactivity.html"/><title value="SoA Activity"/><generation value="generated"/></page><page><sourceUrl value="StructureDefinition-soa-definition.html"/><name value="StructureDefinition-soa-definition.html"/><title value="Profile: SoA Definition"/><generation value="generated"/></page><page><sourceUrl value="StructureDefinition-soa-plan-definition.html"/><name value="StructureDefinition-soa-plan-definition.html"/><title value="Profile: SoA Plan Definition"/><generation value="generated"/></page><page><sourceUrl value="StructureDefinition-soa-questionnaire.html"/><name value="StructureDefinition-soa-questionnaire.html"/><title value="SoA Questionnaire"/><generation value="generated"/></page><page><sourceUrl value="StructureDefinition-segment-plan-definition.html"/><name value="StructureDefinition-segment-plan-definition.html"/><title value="Profile: SoA Segment Plan Definition"/><generation value="generated"/></page><page><sourceUrl value="StructureDefinition-soa-visit-definition.html"/><name value="StructureDefinition-soa-visit-definition.html"/><title value="Profile: SoA Visit Definition"/><generation value="generated"/></page><page><sourceUrl value="StructureDefinition-the-research-subject.html"/><name value="StructureDefinition-the-research-subject.html"/><title value="ResearchSubject"/><generation value="generated"/></page><page><sourceUrl value="StructureDefinition-arm-group-att-ext.html"/><name value="StructureDefinition-arm-group-att-ext.html"/><title value="ARMGroup"/><generation value="generated"/></page><page><sourceUrl value="StructureDefinition-AcceptableOffsetRangeSoa.html"/><name value="StructureDefinition-AcceptableOffsetRangeSoa.html"/><title value="Extension: Acceptable Offset Range"/><generation value="generated"/></page><page><sourceUrl value="StructureDefinition-arm-group-ext.html"/><name value="StructureDefinition-arm-group-ext.html"/><title value="Arm Group"/><generation value="generated"/></page><page><sourceUrl value="StructureDefinition-cohort-group-ext.html"/><name value="StructureDefinition-cohort-group-ext.html"/><title value="Cohort Group"/><generation value="generated"/></page><page><sourceUrl value="StructureDefinition-epoch.html"/><name value="StructureDefinition-epoch.html"/><title value="Epoch"/><generation value="generated"/></page><page><sourceUrl value="StructureDefinition-group-references.html"/><name value="StructureDefinition-group-references.html"/><title value="Group References"/><generation value="generated"/></page><page><sourceUrl value="StructureDefinition-study.html"/><name value="StructureDefinition-study.html"/><title value="Part Of Research Study"/><generation value="generated"/></page><page><sourceUrl value="StructureDefinition--visit-range.html"/><name value="StructureDefinition--visit-range.html"/><title value="Visit Range"/><generation value="generated"/></page><page><sourceUrl value="CodeSystem-plan-definition-cs.html"/><name value="CodeSystem-plan-definition-cs.html"/><title value="CodeSystem: Plan Definition CS"/><generation value="generated"/></page><page><sourceUrl value="CodeSystem-questionnare-code-cs.html"/><name value="CodeSystem-questionnare-code-cs.html"/><title value="CodeSystem: Questionnare Code Cs"/><generation value="generated"/></page><page><sourceUrl value="CodeSystem-visit-segment-cs.html"/><name value="CodeSystem-visit-segment-cs.html"/><title value="CodeSystem: Visit Segment CS"/><generation value="generated"/></page><page><sourceUrl value="ActivityDefinition-343f3656-9ddd-4e10-996f-dba5a64650f2-FHIR2.html"/><name value="ActivityDefinition-343f3656-9ddd-4e10-996f-dba5a64650f2-FHIR2.html"/><title value="Example-SoA: ActivityEligibility-Visit-V3--FHIR2"/><generation value="generated"/></page><page><sourceUrl value="ActivityDefinition-9cb4666f-4516-4562-8f93-fd407e42ab6f-FHIR2-ActivityCollectCosen.html"/><name value="ActivityDefinition-9cb4666f-4516-4562-8f93-fd407e42ab6f-FHIR2-ActivityCollectCosen.html"/><title value="Example-SoA: ActivityCollectCosen-Visit-V1--FHIR2"/><generation value="generated"/></page><page><sourceUrl value="Group-ARMGroupMonkeyLegs-uuid22s.html"/><name value="Group-ARMGroupMonkeyLegs-uuid22s.html"/><title value="Example ARMGroup"/><generation value="generated"/></page><page><sourceUrl value="Group-ARMMonkeyFeet-internal-uuid2s.html"/><name value="Group-ARMMonkeyFeet-internal-uuid2s.html"/><title value="Example ARMGroup"/><generation value="generated"/></page><page><sourceUrl value="Group-Cohort2GroupUnder50-ososi.html"/><name value="Group-Cohort2GroupUnder50-ososi.html"/><title value="Example CohortGroup"/><generation value="generated"/></page><page><sourceUrl value="Group-CohortGroupOver50-ss9s9s9.html"/><name value="Group-CohortGroupOver50-ss9s9s9.html"/><title value="Example CohortGroup"/><generation value="generated"/></page><page><sourceUrl value="Group-CohortGroupUnder25.html"/><name value="Group-CohortGroupUnder25.html"/><title value="Example CohortGroup"/><generation value="generated"/></page><page><sourceUrl value="PlanDefinition-NEW-SOA-UUID-FHIR2.html"/><name value="PlanDefinition-NEW-SOA-UUID-FHIR2.html"/><title value="Example-SoA: SoADefinition-FHIR2"/><generation value="generated"/></page><page><sourceUrl value="Patient-Patient-1-001.html"/><name value="Patient-Patient-1-001.html"/><title value="Example ThePatient"/><generation value="generated"/></page><page><sourceUrl value="ResearchStudy-ResearchStudy-1-002.html"/><name value="ResearchStudy-ResearchStudy-1-002.html"/><title value="Example ResearchStudy"/><generation value="generated"/></page><page><sourceUrl value="ResearchSubject-ResearchSubject-1.html"/><name value="ResearchSubject-ResearchSubject-1.html"/><title value="Example ResearchSubject Cohort/ARM"/><generation value="generated"/></page><page><sourceUrl value="PlanDefinition-Visit-V1-9cb4666f-4516-4562-8f93-fd407e42ab6f-FHIR2.html"/><name value="PlanDefinition-Visit-V1-9cb4666f-4516-4562-8f93-fd407e42ab6f-FHIR2.html"/><title value="Example-SoA: SoAVisitDefinition-Visit-V1-FHIR2"/><generation value="generated"/></page><page><sourceUrl value="PlanDefinition-Visit-V2-f53a0dfe-9a2e-41f0-8378-d102629473a3-FHIR2.html"/><name value="PlanDefinition-Visit-V2-f53a0dfe-9a2e-41f0-8378-d102629473a3-FHIR2.html"/><title value="Example-SoA: SoAVisitDefinition-Visit-V2-FHIR2"/><generation value="generated"/></page><page><sourceUrl value="PlanDefinition-Visit-V3-343f3656-9ddd-4e10-996f-dba5a64650f2-FHIR2.html"/><name value="PlanDefinition-Visit-V3-343f3656-9ddd-4e10-996f-dba5a64650f2-FHIR2.html"/><title value="Example-SoA: SoAVisitDefinition-Visit-V3-FHIR2"/><generation value="generated"/></page><page><sourceUrl value="PlanDefinition-Visit-V4-c936f630-d853-4933-b743-ae16e1f07820-FHIR2.html"/><name value="PlanDefinition-Visit-V4-c936f630-d853-4933-b743-ae16e1f07820-FHIR2.html"/><title value="Example-SoA: SoAVisitDefinition-Visit-V4-FHIR2"/><generation value="generated"/></page><page><sourceUrl value="ActivityDefinition-c936f630-d853-4933-b743-ae16e1f07820-FHIR2.html"/><name value="ActivityDefinition-c936f630-d853-4933-b743-ae16e1f07820-FHIR2.html"/><title value="Example-SoA: ActivityStudyPeriod-Visit-V4--FHIR2"/><generation value="generated"/></page><page><sourceUrl value="ActivityDefinition-f53a0dfe-9a2e-41f0-8378-d102629473a3-FHIR2.html"/><name value="ActivityDefinition-f53a0dfe-9a2e-41f0-8378-d102629473a3-FHIR2.html"/><title value="Example-SoA: ActivityScreening-Visit-V2--FHIR2"/><generation value="generated"/></page></page></page><parameter><code><system value="http://hl7.org/fhir/tools/CodeSystem/ig-parameters"/><code value="copyrightyear"/></code><value value="2021+"/></parameter><parameter><code><system value="http://hl7.org/fhir/tools/CodeSystem/ig-parameters"/><code value="releaselabel"/></code><value value="STU1"/></parameter><parameter><code><system value="http://hl7.org/fhir/guide-parameter-code"/><code value="path-resource"/></code><value value="input/capabilities"/></parameter><parameter><code><system value="http://hl7.org/fhir/guide-parameter-code"/><code value="path-resource"/></code><value value="input/examples"/></parameter><parameter><code><system value="http://hl7.org/fhir/guide-parameter-code"/><code value="path-resource"/></code><value value="input/extensions"/></parameter><parameter><code><system value="http://hl7.org/fhir/guide-parameter-code"/><code value="path-resource"/></code><value value="input/models"/></parameter><parameter><code><system value="http://hl7.org/fhir/guide-parameter-code"/><code value="path-resource"/></code><value value="input/operations"/></parameter><parameter><code><system value="http://hl7.org/fhir/guide-parameter-code"/><code value="path-resource"/></code><value value="input/profiles"/></parameter><parameter><code><system value="http://hl7.org/fhir/guide-parameter-code"/><code value="path-resource"/></code><value value="input/resources"/></parameter><parameter><code><system value="http://hl7.org/fhir/guide-parameter-code"/><code value="path-resource"/></code><value value="input/vocabulary"/></parameter><parameter><code><system value="http://hl7.org/fhir/guide-parameter-code"/><code value="path-resource"/></code><value value="input/maps"/></parameter><parameter><code><system value="http://hl7.org/fhir/guide-parameter-code"/><code value="path-resource"/></code><value value="input/testing"/></parameter><parameter><code><system value="http://hl7.org/fhir/guide-parameter-code"/><code value="path-resource"/></code><value value="input/history"/></parameter><parameter><code><system value="http://hl7.org/fhir/guide-parameter-code"/><code value="path-resource"/></code><value value="fsh-generated/resources"/></parameter><parameter><code><system value="http://hl7.org/fhir/guide-parameter-code"/><code value="path-pages"/></code><value value="template/config"/></parameter><parameter><code><system value="http://hl7.org/fhir/guide-parameter-code"/><code value="path-pages"/></code><value value="input/images"/></parameter><parameter><code><system value="http://hl7.org/fhir/tools/CodeSystem/ig-parameters"/><code value="path-liquid"/></code><value value="template/liquid"/></parameter><parameter><code><system value="http://hl7.org/fhir/tools/CodeSystem/ig-parameters"/><code value="path-liquid"/></code><value value="input/liquid"/></parameter><parameter><code><system value="http://hl7.org/fhir/tools/CodeSystem/ig-parameters"/><code value="path-qa"/></code><value value="temp/qa"/></parameter><parameter><code><system value="http://hl7.org/fhir/tools/CodeSystem/ig-parameters"/><code value="path-temp"/></code><value value="temp/pages"/></parameter><parameter><code><system value="http://hl7.org/fhir/tools/CodeSystem/ig-parameters"/><code value="path-output"/></code><value value="output"/></parameter><parameter><code><system value="http://hl7.org/fhir/guide-parameter-code"/><code value="path-tx-cache"/></code><value value="input-cache/txcache"/></parameter><parameter><code><system value="http://hl7.org/fhir/tools/CodeSystem/ig-parameters"/><code value="path-suppressed-warnings"/></code><value value="input/ignoreWarnings.txt"/></parameter><parameter><code><system value="http://hl7.org/fhir/tools/CodeSystem/ig-parameters"/><code value="path-history"/></code><value value="https://github.com/alpivonka/FHIR-Base-Clinical-Examples/history.html"/></parameter><parameter><code><system value="http://hl7.org/fhir/tools/CodeSystem/ig-parameters"/><code value="template-html"/></code><value value="template-page.html"/></parameter><parameter><code><system value="http://hl7.org/fhir/tools/CodeSystem/ig-parameters"/><code value="template-md"/></code><value value="template-page-md.html"/></parameter><parameter><code><system value="http://hl7.org/fhir/tools/CodeSystem/ig-parameters"/><code value="apply-contact"/></code><value value="true"/></parameter><parameter><code><system value="http://hl7.org/fhir/tools/CodeSystem/ig-parameters"/><code value="apply-context"/></code><value value="true"/></parameter><parameter><code><system value="http://hl7.org/fhir/tools/CodeSystem/ig-parameters"/><code value="apply-copyright"/></code><value value="true"/></parameter><parameter><code><system value="http://hl7.org/fhir/tools/CodeSystem/ig-parameters"/><code value="apply-jurisdiction"/></code><value value="true"/></parameter><parameter><code><system value="http://hl7.org/fhir/tools/CodeSystem/ig-parameters"/><code value="apply-license"/></code><value value="true"/></parameter><parameter><code><system value="http://hl7.org/fhir/tools/CodeSystem/ig-parameters"/><code value="apply-publisher"/></code><value value="true"/></parameter><parameter><code><system value="http://hl7.org/fhir/tools/CodeSystem/ig-parameters"/><code value="apply-version"/></code><value value="true"/></parameter><parameter><code><system value="http://hl7.org/fhir/tools/CodeSystem/ig-parameters"/><code value="active-tables"/></code><value value="true"/></parameter></definition></ImplementationGuide>