<?xml version="1.0" encoding="UTF-8"?><PlanDefinition xmlns="http://hl7.org/fhir"><id value="Visit-V2-f53a0dfe-9a2e-41f0-8378-d102629473a3-FHIR2"/><meta><extension url="http://hl7.org/fhir/StructureDefinition/firstCreated"><valueInstant value="2022-01-01T10:08:10Z"/></extension><lastUpdated value="2022-01-01T10:08:10Z"/><profile value="https://github.com/alpivonka/FHIR-Base-Clinical-Examples/StructureDefinition/soa-visit-definition"/></meta><extension url="https://github.com/alpivonka/FHIR-Base-Clinical-Examples/StructureDefinition/study"><valueReference><reference value="ResearchStudy/ResearchStudy-1-002"/></valueReference></extension><url value="https://github.com/alpivonka/FHIR-Base-Clinical-Examples/PlanDefinition/Visit-V2-f53a0dfe-9a2e-41f0-8378-d102629473a3-FHIR2"/><version value="1.0.0"/><name value="v2"/><type><coding><system value="https://github.com/alpivonka/FHIR-Base-Clinical-Examples/CodeSystem/plan-definition-cs"/><code value="Visit"/></coding></type><status value="active"/><date value="2022-11-18T18:58:55+00:00"/><publisher value="ClinicalTrialExample"/><action><type><coding><code value="screeningActivity"/></coding></type><definitionUri value="ActivityDefinition/f53a0dfe-9a2e-41f0-8378-d102629473a3"/><action id="PROJlDatesInForm"><title value="PRO_Jl_DatesInForm"/><relatedAction><targetId value="PRO4MDatesinForm"/><relationship value="before"/></relatedAction><definitionUri value="Questionnaire/2995b4b6-c3cc-4a40-a27b-dc7ef903aa5d/1"/></action><action id="PRO4MDatesinForm"><title value="PRO_4M_DatesinForm"/><relatedAction><targetId value="PROJlDatesInForm"/><relationship value="after"/></relatedAction><definitionUri value="Questionnaire/7a3ef9fe-f055-470c-b854-0e2925797002/2"/></action></action></PlanDefinition>