<?xml version="1.0" encoding="UTF-8"?><PlanDefinition xmlns="http://hl7.org/fhir"><id value="PlatformDefinedActivities-001"/><meta><profile value="https://github.com/alpivonka/FHIR-Base-Clinical-Examples/StructureDefinition/defined-activities"/><tag><system value="Organization/7ad0f876s76dfa7d98a5s67"/><code value="definedActivityLibrary"/></tag></meta><url value="https://github.com/alpivonka/FHIR-Base-Clinical-Examples/PlanDefinition/PlatformDefinedActivities-001"/><version value="1.0.0"/><type><coding><code value="PlatformDefinedActivities"/></coding></type><status value="active"/><date value="2022-11-28T18:46:24+00:00"/><publisher value="ClinicalTrialExample"/><action><code><coding><system value="http://hl7.org/fhir/resource-types"/><code value="ActivityDefinition"/></coding></code><action><title value="ActivityDef-Name-1"/><definitionUri value="ActivityDefinition/fab63b28-6aa5-11ed-a1eb-0242ac120001"/></action><action><title value="ActivityDef-Name-2"/><definitionUri value="ActivityDefinition/fab63b28-6aa5-11ed-a1eb-0242ac120002"/></action><action><title value="ActivityDef-Name-3"/><definitionUri value="ActivityDefinition/fab63b28-6aa5-11ed-a1eb-0242ac120003"/></action></action><action><code><coding><system value="http://hl7.org/fhir/resource-types"/><code value="ObservationDefinition"/></coding></code></action><action><code><coding><system value="http://hl7.org/fhir/resource-types"/><code value="PlanDefinition"/></coding></code></action><action><code><coding><system value="http://hl7.org/fhir/resource-types"/><code value="Questionnaire"/></coding></code><action><title value="Questionnaire-Name-1"/><definitionUri value="Questionnaire/fab63b28-6aa5-11ed-a1eb-0242ac120001"/></action><action><title value="Questionnaire-Name-2"/><definitionUri value="Questionnaire/fab63b28-6aa5-11ed-a1eb-0242ac120002"/></action><action><title value="Questionnaire-Name-3"/><definitionUri value="Questionnaire/fab63b28-6aa5-11ed-a1eb-0242ac120003"/></action><action><title value="Questionnaire-Name-4"/><definitionUri value="Questionnaire/fab63b28-6aa5-11ed-a1eb-0242ac120004"/></action><action><title value="Questionnaire-Name-5"/><definitionUri value="Questionnaire/fab63b28-6aa5-11ed-a1eb-0242ac120005"/></action><action><title value="Questionnaire-Name-6"/><definitionUri value="Questionnaire/fab63b28-6aa5-11ed-a1eb-0242ac120006"/></action></action></PlanDefinition>