{"resourceType":"ActivityDefinition","id":"c936f630-d853-4933-b743-ae16e1f07820-FHIR2","meta":{"extension":[{"url":"http://hl7.org/fhir/StructureDefinition/firstCreated","valueInstant":"2022-01-01T10:08:10Z"}],"lastUpdated":"2022-01-01T10:08:10Z","profile":["https://github.com/alpivonka/FHIR-Base-Clinical-Examples/StructureDefinition/soa-activity"]},"extension":[{"url":"https://github.com/alpivonka/FHIR-Base-Clinical-Examples/StructureDefinition/study","valueReference":{"reference":"ResearchStudy/ResearchStudy-1-002"}}],"url":"https://github.com/alpivonka/FHIR-Base-Clinical-Examples/ActivityDefinition/c936f630-d853-4933-b743-ae16e1f07820-FHIR2","version":"1.0.0","name":"ActivityOID-ActivityStudyPeriod","status":"active","date":"2022-11-21T15:57:34+00:00","publisher":"ClinicalTrialExample"}