{"resourceType":"PlanDefinition","id":"DefinedActivities-001","meta":{"profile":["https://github.com/alpivonka/FHIR-Base-Clinical-Examples/StructureDefinition/defined-activities"]},"extension":[{"url":"https://github.com/alpivonka/FHIR-Base-Clinical-Examples/StructureDefinition/study","valueReference":{"reference":"ResearchStudy/ResearchStudy-1-002"}}],"url":"https://github.com/alpivonka/FHIR-Base-Clinical-Examples/PlanDefinition/DefinedActivities-001","version":"1.0.0","status":"active","date":"2022-11-22T21:05:37+00:00","publisher":"ClinicalTrialExample","action":[{"id":"fab63b28-6aa5-11ed-a1eb-0242ac120000","code":{"coding":[{"code":"ActivityDefinition"}]},"action":[{"title":"ActivityDef-Name-1","definitionUri":"ActivityDefinition/fab63b28-6aa5-11ed-a1eb-0242ac120001"},{"title":"ActivityDef-Name-2","definitionUri":"ActivityDefinition/fab63b28-6aa5-11ed-a1eb-0242ac120002"},{"title":"ActivityDef-Name-3","definitionUri":"ActivityDefinition/fab63b28-6aa5-11ed-a1eb-0242ac120003"}]},{"code":{"coding":[{"code":"ObservationDefinition"}]}},{"code":{"coding":[{"code":"PlanDefinition"}]}},{"id":"fab63b28-6aa5-11ed-a1eb-0242ac160000","code":{"coding":[{"code":"Questionnaire"}]},"action":[{"title":"Questionnaire-Name-1","definitionUri":"Questionnaire/fab63b28-6aa5-11ed-a1eb-0242ac120001"},{"title":"Questionnaire-Name-2","definitionUri":"Questionnaire/fab63b28-6aa5-11ed-a1eb-0242ac120002"},{"title":"Questionnaire-Name-3","definitionUri":"Questionnaire/fab63b28-6aa5-11ed-a1eb-0242ac120003"},{"title":"Questionnaire-Name-4","definitionUri":"Questionnaire/fab63b28-6aa5-11ed-a1eb-0242ac120004"},{"title":"Questionnaire-Name-5","definitionUri":"Questionnaire/fab63b28-6aa5-11ed-a1eb-0242ac120005"},{"title":"Questionnaire-Name-6","definitionUri":"Questionnaire/fab63b28-6aa5-11ed-a1eb-0242ac120006"}]}]}