{"resourceType":"PlanDefinition","id":"Visit-V1-9cb4666f-4516-4562-8f93-fd407e42ab6f-FHIR2","meta":{"extension":[{"url":"http://hl7.org/fhir/StructureDefinition/firstCreated","valueInstant":"2022-01-01T10:08:10Z"}],"lastUpdated":"2022-01-01T10:08:10Z","profile":["https://github.com/alpivonka/FHIR-Base-Clinical-Examples/StructureDefinition/soa-visit-definition"]},"extension":[{"url":"https://github.com/alpivonka/FHIR-Base-Clinical-Examples/StructureDefinition/study","valueReference":{"reference":"ResearchStudy/ResearchStudy-1-002"}}],"url":"https://github.com/alpivonka/FHIR-Base-Clinical-Examples/PlanDefinition/Visit-V1-9cb4666f-4516-4562-8f93-fd407e42ab6f-FHIR2","version":"1.0.0","name":"v1","type":{"coding":[{"system":"https://github.com/alpivonka/FHIR-Base-Clinical-Examples/CodeSystem/plan-definition-cs","code":"Visit"}]},"status":"active","date":"2022-11-21T15:57:34+00:00","publisher":"ClinicalTrialExample","action":[{"type":{"coding":[{"code":"eConsentActivity"}]},"definitionUri":"ActivityDefinition/9cb4666f-4516-4562-8f93-fd407e42ab6f","action":[{"prefix":"consentFormGroupId","type":{"coding":[{"code":"consentFormGroupId"}]},"definitionUri":"beec3554-45a0-4447-9931-875b6d62efbf"},{"id":"PROJlDatesInForm","title":"PRO_Jl_DatesInForm","relatedAction":[{"targetId":"PRO4MDatesinForm","relationship":"before"}],"definitionUri":"Questionnaire/2995b4b6-c3cc-4a40-a27b-dc7ef903aa5d/1"},{"id":"2PROttMissedEdairy","title":"2.PRO_tt_Missed_Edairy","relatedAction":[{"targetId":"PRO4MDatesinForm","relationship":"after"}],"definitionUri":"Questionnaire/39e2b915-6728-4138-8653-0b309910bb21/3"}]}]}