{"resourceType":"PlanDefinition","id":"Visit-V4-c936f630-d853-4933-b743-ae16e1f07820-FHIR2","meta":{"extension":[{"url":"http://hl7.org/fhir/StructureDefinition/firstCreated","valueInstant":"2022-01-01T10:08:10Z"}],"lastUpdated":"2022-01-01T10:08:10Z","profile":["https://github.com/alpivonka/FHIR-Base-Clinical-Examples/StructureDefinition/soa-visit-definition"]},"url":"https://github.com/alpivonka/FHIR-Base-Clinical-Examples/PlanDefinition/Visit-V4-c936f630-d853-4933-b743-ae16e1f07820-FHIR2","identifier":[{"use":"secondary","type":{"coding":[{"code":"partOf"},{"code":"ResearchStudy"}]},"system":"ResearchStudy/ResearchStudy-1-002"}],"version":"1.0.0","name":"v2","type":{"coding":[{"system":"https://github.com/alpivonka/FHIR-Base-Clinical-Examples/CodeSystem/plan-definition-cs","code":"Visit"}]},"status":"active","date":"2022-11-28T16:23:56+00:00","publisher":"ClinicalTrialExample","action":[{"type":{"coding":[{"code":"screeningActivity"}]},"definitionUri":"ActivityDefinition/c936f630-d853-4933-b743-ae16e1f07820","action":[{"id":"PROJlDatesInForm","title":"PRO_Jl_DatesInForm","relatedAction":[{"targetId":"PRO4MDatesinForm","relationship":"before"}],"definitionUri":"Questionnaire/2995b4b6-c3cc-4a40-a27b-dc7ef903aa5d/1"},{"id":"2PROttMissedEdairy","title":"2.PRO_tt_Missed_Edairy","relatedAction":[{"targetId":"PROJlDatesInForm","relationship":"after"}],"definitionUri":"Questionnaire/39e2b915-6728-4138-8653-0b309910bb21/3"}]}]}