{"resourceType":"PlanDefinition","id":"EPCH-DEF-0002-2","meta":{"profile":["https://github.com/alpivonka/FHIR-Base-Clinical-Examples/StructureDefinition/epoch-definition"]},"url":"https://github.com/alpivonka/FHIR-Base-Clinical-Examples/PlanDefinition/EPCH-DEF-0002-2","version":"1.0.0","name":"Epoch Plan Definition","type":{"coding":[{"system":"https://github.com/alpivonka/FHIR-Base-Clinical-Examples/CodeSystem/soa-action-cs","code":"EPOCH"}]},"status":"active","date":"2022-11-21T15:57:34+00:00","publisher":"ClinicalTrialExample","action":[{"id":"SCREENING-65e9-11ed-9022-0242ac120002","linkId":"SCREENING-65e9-11ed-9022-0242ac120002","prefix":"SCREENING-EPOCH","title":"SCREENING"},{"id":"Treatment-65e9-11ed-9022-0242ac120001","linkId":"Treatment-65e9-11ed-9022-0242ac120001","prefix":"Treatment-EPOCH","title":"Treatment"},{"id":"Followup-65e9-11ed-9022-0242ac120000","linkId":"Followup-65e9-11ed-9022-0242ac120000","prefix":"Followup-EPOCH","title":"Followup"}]}