{"resourceType":"PlanDefinition","id":"NEW-SOA-UUID-FHIR2","meta":{"extension":[{"url":"http://hl7.org/fhir/StructureDefinition/firstCreated","valueInstant":"2022-01-01T10:08:10Z"}],"lastUpdated":"2022-01-01T10:08:10Z","profile":["https://github.com/alpivonka/FHIR-Base-Clinical-Examples/StructureDefinition/soa-definition"]},"extension":[{"url":"https://github.com/alpivonka/FHIR-Base-Clinical-Examples/StructureDefinition/study","valueReference":{"reference":"ResearchStudy/ResearchStudy-1-002"}}],"url":"https://github.com/alpivonka/FHIR-Base-Clinical-Examples/PlanDefinition/NEW-SOA-UUID-FHIR2","version":"1.0.0","name":"SoADefinitionOID2","type":{"coding":[{"system":"https://github.com/alpivonka/FHIR-Base-Clinical-Examples/CodeSystem/plan-definition-cs","code":"SoADefinition"}]},"status":"active","date":"2022-11-15T20:45:59+00:00","publisher":"ClinicalTrialExample","action":[{"type":{"coding":[{"system":"https://github.com/alpivonka/FHIR-Base-Clinical-Examples/CodeSystem/visit-segment-cs","code":"ACTIVITIES"}]},"action":[{"id":"Visit-V1","extension":[{"url":"https://github.com/alpivonka/FHIR-Base-Clinical-Examples/StructureDefinition/epoch","valueString":"TREATMENT EPOCH"}],"code":{"coding":[{"code":"eConsent"}]},"relatedAction":[{"targetId":"Visit-V2-f53a0dfe-9a2e-41f0-8378-d102629473a3","relationship":"before"}],"timingTiming":{"repeat":{"boundsRange":{"low":{"value":5},"high":{"value":1}},"periodUnit":"d","offset":5}},"type":{"coding":[{"system":"https://github.com/alpivonka/FHIR-Base-Clinical-Examples/CodeSystem/plan-definition-cs","code":"Visit"}]},"definitionUri":"PlanDefinition/Visit-V1-9cb4666f-4516-4562-8f93-fd407e42ab6f"},{"id":"Visit-V2","extension":[{"url":"https://github.com/alpivonka/FHIR-Base-Clinical-Examples/StructureDefinition/epoch","valueString":"TREATMENT_EPOCH"}],"code":{"coding":[{"code":"Screening"}]},"relatedAction":[{"targetId":"Visit-V1","relationship":"after"},{"targetId":"Visit-V3","relationship":"before"}],"timingTiming":{"repeat":{"boundsRange":{"low":{"value":0},"high":{"value":2}},"periodUnit":"d"}},"type":{"coding":[{"system":"https://github.com/alpivonka/FHIR-Base-Clinical-Examples/CodeSystem/plan-definition-cs","code":"Visit"}]},"definitionUri":"PlanDefinition/Visit-V2-f53a0dfe-9a2e-41f0-8378-d102629473a3"},{"id":"Visit-V3","extension":[{"url":"https://github.com/alpivonka/FHIR-Base-Clinical-Examples/StructureDefinition/epoch","valueString":"TREATMENT_EPOCH"}],"code":{"coding":[{"code":"Eligibility"}]},"relatedAction":[{"targetId":"Visit-V1","relationship":"after"},{"targetId":"Visit-V2","relationship":"after"},{"targetId":"Visit-V4","relationship":"before"}],"timingTiming":{"repeat":{"boundsRange":{"low":{"value":0},"high":{"value":2}},"periodUnit":"d"}},"type":{"coding":[{"system":"https://github.com/alpivonka/FHIR-Base-Clinical-Examples/CodeSystem/plan-definition-cs","code":"Visit"}]},"definitionUri":"PlanDefinition/Visit-V3-343f3656-9ddd-4e10-996f-dba5a64650f2"},{"id":"Visit-V4","extension":[{"url":"https://github.com/alpivonka/FHIR-Base-Clinical-Examples/StructureDefinition/epoch","valueString":"FOLLOW_UP_EPOCH"}],"code":{"coding":[{"code":"StudyPeriod"}]},"relatedAction":[{"targetId":"Visit-V1","relationship":"after"},{"targetId":"Visit-V2","relationship":"after"},{"targetId":"Visit-V3","relationship":"after"}],"timingTiming":{"repeat":{"boundsRange":{"low":{"value":5},"high":{"value":1}},"periodUnit":"d","offset":5}},"type":{"coding":[{"system":"https://github.com/alpivonka/FHIR-Base-Clinical-Examples/CodeSystem/plan-definition-cs","code":"Visit"}]},"definitionUri":"PlanDefinition/Visit-V4-c936f630-d853-4933-b743-ae16e1f07820"}]},{"type":{"coding":[{"system":"https://github.com/alpivonka/FHIR-Base-Clinical-Examples/CodeSystem/visit-segment-cs","code":"UNSCHEDULED_ACTIVITIES"}]},"action":[{"id":"Visit-A1","type":{"coding":[{"system":"https://github.com/alpivonka/FHIR-Base-Clinical-Examples/CodeSystem/plan-definition-cs","code":"Visit"}]},"definitionUri":"PlanDefinition/1289d38a-653a-4cd9-afb9-b95299741b3a1"},{"id":"Visit-C1","type":{"coding":[{"system":"https://github.com/alpivonka/FHIR-Base-Clinical-Examples/CodeSystem/plan-definition-cs","code":"Visit"}]},"definitionUri":"PlanDefinition/1289d38a-653a-4cd9-afb9-b95299741b3c1"}]},{"type":{"coding":[{"system":"https://github.com/alpivonka/FHIR-Base-Clinical-Examples/CodeSystem/visit-segment-cs","code":"RECURRING_FORMS"}]},"action":[{"trigger":[{"type":"named-event","name":"VISIT","timingTiming":{"repeat":{"durationUnit":"d","period":1}}}],"type":{"coding":[{"code":"Questionnaire"}]},"definitionUri":"Questionnaire/f1489be3-f6dd-483c-a82a-65243cd01eb8"},{"trigger":[{"type":"named-event","name":"PREVIOUS_VISIT","timingTiming":{"repeat":{"countMax":6,"durationUnit":"d","period":1,"periodUnit":"wk","dayOfWeek":["sun","mon","wed","sat"]}}}],"condition":[{"kind":"start","expression":{"expression":"if my dog has a cat is he a catdog","reference":"cl/2928292782"}}],"type":{"coding":[{"code":"Questionnaire"}]},"definitionUri":"Questionnaire/6ff38b3d-099a-4fe0-ac46-267092619e2c"}]},{"type":{"coding":[{"system":"https://github.com/alpivonka/FHIR-Base-Clinical-Examples/CodeSystem/visit-segment-cs","code":"ADHOC_FORMS"}]},"action":[{"type":{"coding":[{"code":"Questionnaire"}]},"definitionUri":"Questionnaire/f1489be3-f6dd-483c-a82a-65243cd01eb8x"},{"type":{"coding":[{"code":"Questionnaire"}]},"definitionUri":"Questionnaire/49858fac-02bd-4d51-91d1-37ebb9097d36x"}]},{"type":{"coding":[{"system":"https://github.com/alpivonka/FHIR-Base-Clinical-Examples/CodeSystem/visit-segment-cs","code":"ONGOING_FORMS"}]},"action":[{"type":{"coding":[{"code":"Questionnaire"}]},"definitionUri":"Questionnaire/f1489be3-f6dd-483c-a82a-65243cd01eb8xy"},{"type":{"coding":[{"code":"Questionnaire"}]},"definitionUri":"Questionnaire/49858fac-02bd-4d51-91d1-37ebb9097d36xy"}]}]}