{"resourceType":"PlanDefinition","id":"PlatformDefinedActivities-001","meta":{"profile":["https://github.com/alpivonka/FHIR-Base-Clinical-Examples/StructureDefinition/defined-activities"],"tag":[{"system":"Organization/7ad0f876s76dfa7d98a5s67","code":"definedActivityLibrary"}]},"url":"https://github.com/alpivonka/FHIR-Base-Clinical-Examples/PlanDefinition/PlatformDefinedActivities-001","version":"1.0.0","type":{"coding":[{"code":"PlatformDefinedActivities"}]},"status":"active","date":"2022-11-28T18:57:56+00:00","publisher":"ClinicalTrialExample","action":[{"code":{"coding":[{"system":"http://hl7.org/fhir/resource-types","code":"ActivityDefinition"}]},"action":[{"title":"ActivityDef-Name-1","description":"Must be kept action.title in sych with the Activity Definition's name for ease of use by UI/UX ","definitionUri":"ActivityDefinition/fab63b28-6aa5-11ed-a1eb-0242ac120001"},{"title":"ActivityDef-Name-2","description":"Must be kept action.title in sych with the Activity Definition's name for ease of use by UI/UX ","definitionUri":"ActivityDefinition/fab63b28-6aa5-11ed-a1eb-0242ac120002"},{"title":"ActivityDef-Name-3","description":"Must be kept action.title in sych with the Activity Definition's name for ease of use by UI/UX ","definitionUri":"ActivityDefinition/fab63b28-6aa5-11ed-a1eb-0242ac120003"}]},{"code":{"coding":[{"system":"http://hl7.org/fhir/resource-types","code":"ObservationDefinition"}]}},{"code":{"coding":[{"system":"http://hl7.org/fhir/resource-types","code":"PlanDefinition"}]}},{"code":{"coding":[{"system":"http://hl7.org/fhir/resource-types","code":"Questionnaire"}]},"action":[{"title":"Questionnaire-Name-1","description":"Must be kept action.title in sych with the Questionnaire's name for ease of use by UI/UX ","definitionUri":"Questionnaire/fab63b28-6aa5-11ed-a1eb-0242ac120001"},{"title":"Questionnaire-Name-2","description":"Must be kept action.title in sych with the Questionnaire's name for ease of use by UI/UX ","definitionUri":"Questionnaire/fab63b28-6aa5-11ed-a1eb-0242ac120002"},{"title":"Questionnaire-Name-3","description":"Must be kept action.title in sych with the Questionnaire's name for ease of use by UI/UX ","definitionUri":"Questionnaire/fab63b28-6aa5-11ed-a1eb-0242ac120003"},{"title":"Questionnaire-Name-4","description":"Must be kept action.title in sych with the Questionnaire's name for ease of use by UI/UX ","definitionUri":"Questionnaire/fab63b28-6aa5-11ed-a1eb-0242ac120004"},{"title":"Questionnaire-Name-5","description":"Must be kept action.title in sych with the Questionnaire's name for ease of use by UI/UX ","definitionUri":"Questionnaire/fab63b28-6aa5-11ed-a1eb-0242ac120005"},{"title":"Questionnaire-Name-6","description":"Must be kept action.title in sych with the Questionnaire's name for ease of use by UI/UX ","definitionUri":"Questionnaire/fab63b28-6aa5-11ed-a1eb-0242ac120006"}]}]}