{
  "resourceType": "ActivityDefinition",
  "id": "343f3656-9ddd-4e10-996f-dba5a64650f2-FHIR2",
  "meta": {
    "extension": [
      {
        "url": "http://hl7.org/fhir/StructureDefinition/firstCreated",
        "valueInstant": "2022-01-01T10:08:10Z"
      }
    ],
    "lastUpdated": "2022-01-01T10:08:10Z",
    "profile": [
      "https://github.com/alpivonka/FHIR-Base-Clinical-Examples/StructureDefinition/soa-activity"
    ]
  },
  "text": {
    "status": "generated",
    "div": "<div xmlns=\"http://www.w3.org/1999/xhtml\"><p><b>Generated Narrative: ActivityDefinition</b><a name=\"343f3656-9ddd-4e10-996f-dba5a64650f2-FHIR2\"> </a></p><div style=\"display: inline-block; background-color: #d9e0e7; padding: 6px; margin: 4px; border: 1px solid #8da1b4; border-radius: 5px; line-height: 60%\"><p style=\"margin-bottom: 0px\">Resource ActivityDefinition &quot;343f3656-9ddd-4e10-996f-dba5a64650f2-FHIR2&quot; Updated &quot;2022-01-01 10:08:10+0000&quot; </p><p style=\"margin-bottom: 0px\">Profile: <a href=\"StructureDefinition-soa-activity.html\">SoA Activity</a></p></div><p><b>url</b>: <code>https://github.com/alpivonka/FHIR-Base-Clinical-Examples/ActivityDefinition/343f3656-9ddd-4e10-996f-dba5a64650f2-FHIR2</code></p><p><b>identifier</b>: partOf: ?ngen-9? (use: SECONDARY)</p><p><b>version</b>: 1.0.0</p><p><b>name</b>: ActivityOID-ActivityEligibility</p><p><b>status</b>: active</p><p><b>date</b>: 2022-11-28 09:50:18+0000</p><p><b>publisher</b>: ClinicalTrialExample</p></div>"
  },
  "url": "https://github.com/alpivonka/FHIR-Base-Clinical-Examples/ActivityDefinition/343f3656-9ddd-4e10-996f-dba5a64650f2-FHIR2",
  "identifier": [
    {
      "use": "secondary",
      "type": {
        "coding": [
          {
            "code": "partOf"
          },
          {
            "code": "ResearchStudy"
          }
        ]
      },
      "system": "ResearchStudy/ResearchStudy-1-002"
    }
  ],
  "version": "1.0.0",
  "name": "ActivityOID-ActivityEligibility",
  "status": "active",
  "date": "2022-11-28T21:50:18+00:00",
  "publisher": "ClinicalTrialExample"
}