{
  "resourceType": "CodeSystem",
  "id": "visit-segment-cs",
  "text": {
    "status": "generated",
    "div": "<div xmlns=\"http://www.w3.org/1999/xhtml\"><p>This code system <code>https://github.com/alpivonka/FHIR-Base-Clinical-Examples/CodeSystem/visit-segment-cs</code> defines the following codes:</p><table class=\"codes\"><tr><td style=\"white-space:nowrap\"><b>Code</b></td><td><b>Display</b></td><td><b>Definition</b></td></tr><tr><td style=\"white-space:nowrap\">ACTIVITIES<a name=\"visit-segment-cs-ACTIVITIES\"> </a></td><td>Activities</td><td>List of Activities</td></tr><tr><td style=\"white-space:nowrap\">UNSCHEDULED_ACTIVITIES<a name=\"visit-segment-cs-UNSCHEDULED_ACTIVITIES\"> </a></td><td>UnscheduledActivities</td><td>Unscheduled Activities</td></tr><tr><td style=\"white-space:nowrap\">ACTVITY_SEGMENT<a name=\"visit-segment-cs-ACTVITY_SEGMENT\"> </a></td><td>ACTVITY_SEGMENT</td><td>ACTVITY_SEGMENT</td></tr><tr><td style=\"white-space:nowrap\">DAY_ZERO<a name=\"visit-segment-cs-DAY_ZERO\"> </a></td><td>DayZero</td><td>Day Zero</td></tr><tr><td style=\"white-space:nowrap\">RECURRING_FORMS<a name=\"visit-segment-cs-RECURRING_FORMS\"> </a></td><td>Recurrring-Form</td><td>Recurrring Form</td></tr><tr><td style=\"white-space:nowrap\">ADHOC_FORMS<a name=\"visit-segment-cs-ADHOC_FORMS\"> </a></td><td>adHoc-Form</td><td>adHoc Form</td></tr><tr><td style=\"white-space:nowrap\">ONGOING_FORMS<a name=\"visit-segment-cs-ONGOING_FORMS\"> </a></td><td>onGoing-Form</td><td>eDiaronGoingy Form</td></tr></table></div>"
  },
  "url": "https://github.com/alpivonka/FHIR-Base-Clinical-Examples/CodeSystem/visit-segment-cs",
  "version": "1.0.0",
  "name": "VisitSegmentCS",
  "title": "CodeSystem: Visit Segment CS",
  "status": "active",
  "date": "2022-11-15T20:45:59+00:00",
  "publisher": "ClinicalTrialExample",
  "description": "Visit Segment CS",
  "caseSensitive": false,
  "content": "complete",
  "count": 7,
  "concept": [
    {
      "code": "ACTIVITIES",
      "display": "Activities",
      "definition": "List of Activities"
    },
    {
      "code": "UNSCHEDULED_ACTIVITIES",
      "display": "UnscheduledActivities",
      "definition": "Unscheduled Activities"
    },
    {
      "code": "ACTVITY_SEGMENT",
      "display": "ACTVITY_SEGMENT",
      "definition": "ACTVITY_SEGMENT"
    },
    {
      "code": "DAY_ZERO",
      "display": "DayZero",
      "definition": "Day Zero"
    },
    {
      "code": "RECURRING_FORMS",
      "display": "Recurrring-Form",
      "definition": "Recurrring Form"
    },
    {
      "code": "ADHOC_FORMS",
      "display": "adHoc-Form",
      "definition": "adHoc Form"
    },
    {
      "code": "ONGOING_FORMS",
      "display": "onGoing-Form",
      "definition": "eDiaronGoingy Form"
    }
  ]
}