<?xml version="1.0" encoding="UTF-8"?>

<Group xmlns="http://hl7.org/fhir">
  <id value="ARMGroupMonkeyLegs-uuid22s"/>
  <meta>
    <profile value="https://github.com/alpivonka/FHIR-Base-Clinical-Examples/StructureDefinition/arm-group-profile"/>
  </meta>
  <text>
    <status value="generated"/><div xmlns="http://www.w3.org/1999/xhtml"><p><b>Generated Narrative: Group</b><a name="ARMGroupMonkeyLegs-uuid22s"> </a></p><div style="display: inline-block; background-color: #d9e0e7; padding: 6px; margin: 4px; border: 1px solid #8da1b4; border-radius: 5px; line-height: 60%"><p style="margin-bottom: 0px">Resource Group &quot;ARMGroupMonkeyLegs-uuid22s&quot; </p><p style="margin-bottom: 0px">Profile: <a href="StructureDefinition-arm-group-profile.html">ARM Group</a></p></div><p><b>identifier</b>: id: s90ds890d8</p><p><b>type</b>: specimen</p><p><b>membership</b>: enumerated</p><p><b>code</b>: ARM <span style="background: LightGoldenRodYellow; margin: 4px; border: 1px solid khaki"> ([not stated]#ARM)</span></p><p><b>name</b>: MonkeyFeet</p><p><b>description</b>: my description</p></div>
  </text>
  <identifier>
    <value value="s90ds890d8"/>
  </identifier>
  <type value="specimen"/>
  <membership value="enumerated"/>
  <code>
    <coding>
      <code value="ARM"/>
    </coding>
  </code>
  <name value="MonkeyFeet"/>
  <description value="my description"/>
</Group>