{
  "resourceType": "PlanDefinition",
  "id": "NEW-SOA-UUID-FHIR2",
  "meta": {
    "extension": [
      {
        "url": "http://hl7.org/fhir/StructureDefinition/firstCreated",
        "valueInstant": "2022-01-01T10:08:10Z"
      }
    ],
    "lastUpdated": "2022-01-01T10:08:10Z",
    "profile": [
      "https://github.com/alpivonka/FHIR-Base-Clinical-Examples/StructureDefinition/soa-definition"
    ]
  },
  "text": {
    "status": "extensions",
    "div": "<div xmlns=\"http://www.w3.org/1999/xhtml\"><p><b>Generated Narrative: PlanDefinition</b><a name=\"NEW-SOA-UUID-FHIR2\"> </a></p><div style=\"display: inline-block; background-color: #d9e0e7; padding: 6px; margin: 4px; border: 1px solid #8da1b4; border-radius: 5px; line-height: 60%\"><p style=\"margin-bottom: 0px\">Resource PlanDefinition &quot;NEW-SOA-UUID-FHIR2&quot; Updated &quot;2022-01-01 10:08:10+0000&quot; </p><p style=\"margin-bottom: 0px\">Profile: <a href=\"StructureDefinition-soa-definition.html\">Profile: SoA Definition</a></p></div><p><b>url</b>: <code>https://github.com/alpivonka/FHIR-Base-Clinical-Examples/PlanDefinition/NEW-SOA-UUID-FHIR2</code></p><p><b>identifier</b>: partOf: ?ngen-9? (use: SECONDARY)</p><p><b>version</b>: 1.0.0</p><p><b>name</b>: SoADefinitionOID2</p><p><b>type</b>: SoADefinition <span style=\"background: LightGoldenRodYellow; margin: 4px; border: 1px solid khaki\"> (<a href=\"CodeSystem-plan-definition-cs.html\">CodeSystem: Plan Definition CS</a>#SoADefinition)</span></p><p><b>status</b>: active</p><p><b>date</b>: 2022-11-28 04:09:45+0000</p><p><b>publisher</b>: ClinicalTrialExample</p><blockquote><p><b>action</b></p><p><b>type</b>: Activities <span style=\"background: LightGoldenRodYellow; margin: 4px; border: 1px solid khaki\"> (<a href=\"CodeSystem-soa-action-cs.html\">CodeSystem: SoAAction CS</a>#ACTIVITIES)</span></p><blockquote><p><b>action</b></p><p><b>Epoch Link Id</b>: <code>PlanDefinition/EPCH-DEF-0002-2/#Treatment-65e9-11ed-9022-0242ac120001</code></p><p><b>timing</b>: Do Once</p><p><b>type</b>: Visit <span style=\"background: LightGoldenRodYellow; margin: 4px; border: 1px solid khaki\"> (<a href=\"CodeSystem-plan-definition-cs.html\">CodeSystem: Plan Definition CS</a>#Visit)</span></p><p><b>definition</b>: <code>PlanDefinition/Visit-V1-9cb4666f-4516-4562-8f93-fd407e42ab6f</code></p></blockquote><blockquote><p><b>action</b></p><p><b>Epoch Link Id</b>: <code>PlanDefinition/EPCH-DEF-0002-2/#Treatment-65e9-11ed-9022-0242ac120001</code></p><p><b>timing</b>: Do Once</p><p><b>type</b>: Visit <span style=\"background: LightGoldenRodYellow; margin: 4px; border: 1px solid khaki\"> (<a href=\"CodeSystem-plan-definition-cs.html\">CodeSystem: Plan Definition CS</a>#Visit)</span></p><p><b>definition</b>: <code>PlanDefinition/Visit-V2-f53a0dfe-9a2e-41f0-8378-d102629473a3</code></p></blockquote><blockquote><p><b>action</b></p><p><b>Epoch Link Id</b>: <code>PlanDefinition/EPCH-DEF-0002-2/#Treatment-65e9-11ed-9022-0242ac120001</code></p><p><b>timing</b>: Do Once</p><p><b>type</b>: Visit <span style=\"background: LightGoldenRodYellow; margin: 4px; border: 1px solid khaki\"> (<a href=\"CodeSystem-plan-definition-cs.html\">CodeSystem: Plan Definition CS</a>#Visit)</span></p><p><b>definition</b>: <code>PlanDefinition/Visit-V3-343f3656-9ddd-4e10-996f-dba5a64650f2</code></p></blockquote><blockquote><p><b>action</b></p><p><b>Epoch Link Id</b>: <code>PlanDefinition/EPCH-DEF-0002-2/#Followup-65e9-11ed-9022-0242ac120000</code></p><p><b>timing</b>: Do Once</p><p><b>type</b>: Visit <span style=\"background: LightGoldenRodYellow; margin: 4px; border: 1px solid khaki\"> (<a href=\"CodeSystem-plan-definition-cs.html\">CodeSystem: Plan Definition CS</a>#Visit)</span></p><p><b>definition</b>: <code>PlanDefinition/Visit-V4-c936f630-d853-4933-b743-ae16e1f07820</code></p></blockquote></blockquote><blockquote><p><b>action</b></p><p><b>type</b>: UnscheduledActivities <span style=\"background: LightGoldenRodYellow; margin: 4px; border: 1px solid khaki\"> (<a href=\"CodeSystem-soa-action-cs.html\">CodeSystem: SoAAction CS</a>#UNSCHEDULED_ACTIVITIES)</span></p><blockquote><p><b>action</b></p><p><b>Epoch Link Id</b>: <code>PlanDefinition/EPCH-DEF-0002-2/#Treatment-65e9-11ed-9022-0242ac120001</code></p><p><b>type</b>: Visit <span style=\"background: LightGoldenRodYellow; margin: 4px; border: 1px solid khaki\"> (<a href=\"CodeSystem-plan-definition-cs.html\">CodeSystem: Plan Definition CS</a>#Visit)</span></p><p><b>definition</b>: <code>PlanDefinition/1289d38a-653a-4cd9-afb9-b95299741b3a1</code></p></blockquote><blockquote><p><b>action</b></p><p><b>Epoch Link Id</b>: <code>PlanDefinition/EPCH-DEF-0002-2/#Treatment-65e9-11ed-9022-0242ac120001</code></p><p><b>type</b>: Visit <span style=\"background: LightGoldenRodYellow; margin: 4px; border: 1px solid khaki\"> (<a href=\"CodeSystem-plan-definition-cs.html\">CodeSystem: Plan Definition CS</a>#Visit)</span></p><p><b>definition</b>: <code>PlanDefinition/1289d38a-653a-4cd9-afb9-b95299741b3c1</code></p></blockquote></blockquote><blockquote><p><b>action</b></p><p><b>type</b>: Recurrring-Form <span style=\"background: LightGoldenRodYellow; margin: 4px; border: 1px solid khaki\"> (<a href=\"CodeSystem-soa-action-cs.html\">CodeSystem: SoAAction CS</a>#RECURRING_FORMS)</span></p><blockquote><p><b>action</b></p><p><b>Epoch Link Id</b>: <code>PlanDefinition/EPCH-DEF-0002-2/#Treatment-65e9-11ed-9022-0242ac120001</code></p><p><b>type</b>: Questionnaire <span style=\"background: LightGoldenRodYellow; margin: 4px; border: 1px solid khaki\"> ([not stated]#Questionnaire)</span></p><p><b>definition</b>: <code>Questionnaire/f1489be3-f6dd-483c-a82a-65243cd01eb8</code></p></blockquote><blockquote><p><b>action</b></p><p><b>Epoch Link Id</b>: <code>PlanDefinition/EPCH-DEF-0002-2/#Treatment-65e9-11ed-9022-0242ac120001</code></p><p><b>type</b>: Questionnaire <span style=\"background: LightGoldenRodYellow; margin: 4px; border: 1px solid khaki\"> ([not stated]#Questionnaire)</span></p><p><b>definition</b>: <code>Questionnaire/6ff38b3d-099a-4fe0-ac46-267092619e2c</code></p></blockquote></blockquote><blockquote><p><b>action</b></p><p><b>type</b>: adHoc-Form <span style=\"background: LightGoldenRodYellow; margin: 4px; border: 1px solid khaki\"> (<a href=\"CodeSystem-soa-action-cs.html\">CodeSystem: SoAAction CS</a>#ADHOC_FORMS)</span></p><h3>Actions</h3><table class=\"grid\"><tr><td>-</td><td><b>Extension</b></td><td><b>Type</b></td><td><b>Definition[x]</b></td></tr><tr><td>*</td><td/><td>Questionnaire <span style=\"background: LightGoldenRodYellow; margin: 4px; border: 1px solid khaki\"> ([not stated]#Questionnaire)</span></td><td><code>Questionnaire/f1489be3-f6dd-483c-a82a-65243cd01eb8x</code></td></tr><tr><td>*</td><td/><td>Questionnaire <span style=\"background: LightGoldenRodYellow; margin: 4px; border: 1px solid khaki\"> ([not stated]#Questionnaire)</span></td><td><code>Questionnaire/49858fac-02bd-4d51-91d1-37ebb9097d36x</code></td></tr></table></blockquote><blockquote><p><b>action</b></p><p><b>type</b>: onGoing-Form <span style=\"background: LightGoldenRodYellow; margin: 4px; border: 1px solid khaki\"> (<a href=\"CodeSystem-soa-action-cs.html\">CodeSystem: SoAAction CS</a>#ONGOING_FORMS)</span></p><h3>Actions</h3><table class=\"grid\"><tr><td>-</td><td><b>Extension</b></td><td><b>Type</b></td><td><b>Definition[x]</b></td></tr><tr><td>*</td><td/><td>Questionnaire <span style=\"background: LightGoldenRodYellow; margin: 4px; border: 1px solid khaki\"> ([not stated]#Questionnaire)</span></td><td><code>Questionnaire/f1489be3-f6dd-483c-a82a-65243cd01eb8xy</code></td></tr><tr><td>*</td><td/><td>Questionnaire <span style=\"background: LightGoldenRodYellow; margin: 4px; border: 1px solid khaki\"> ([not stated]#Questionnaire)</span></td><td><code>Questionnaire/49858fac-02bd-4d51-91d1-37ebb9097d36xy</code></td></tr></table></blockquote></div>"
  },
  "url": "https://github.com/alpivonka/FHIR-Base-Clinical-Examples/PlanDefinition/NEW-SOA-UUID-FHIR2",
  "identifier": [
    {
      "use": "secondary",
      "type": {
        "coding": [
          {
            "code": "partOf"
          },
          {
            "code": "ResearchStudy"
          }
        ]
      },
      "system": "ResearchStudy/ResearchStudy-1-002"
    }
  ],
  "version": "1.0.0",
  "name": "SoADefinitionOID2",
  "type": {
    "coding": [
      {
        "system": "https://github.com/alpivonka/FHIR-Base-Clinical-Examples/CodeSystem/plan-definition-cs",
        "code": "SoADefinition"
      }
    ]
  },
  "status": "active",
  "date": "2022-11-28T16:09:45+00:00",
  "publisher": "ClinicalTrialExample",
  "action": [
    {
      "type": {
        "coding": [
          {
            "system": "https://github.com/alpivonka/FHIR-Base-Clinical-Examples/CodeSystem/soa-action-cs",
            "code": "ACTIVITIES"
          }
        ]
      },
      "action": [
        {
          "id": "Visit-V1",
          "extension": [
            {
              "url": "https://github.com/alpivonka/FHIR-Base-Clinical-Examples/StructureDefinition/epoch-id",
              "valueUri": "PlanDefinition/EPCH-DEF-0002-2/#Treatment-65e9-11ed-9022-0242ac120001"
            }
          ],
          "relatedAction": [
            {
              "targetId": "Visit-V2-f53a0dfe-9a2e-41f0-8378-d102629473a3",
              "relationship": "before"
            }
          ],
          "timingTiming": {
            "repeat": {
              "boundsRange": {
                "low": {
                  "value": 5
                },
                "high": {
                  "value": 1
                }
              },
              "periodUnit": "d",
              "offset": 5
            }
          },
          "type": {
            "coding": [
              {
                "system": "https://github.com/alpivonka/FHIR-Base-Clinical-Examples/CodeSystem/plan-definition-cs",
                "code": "Visit"
              }
            ]
          },
          "definitionUri": "PlanDefinition/Visit-V1-9cb4666f-4516-4562-8f93-fd407e42ab6f"
        },
        {
          "id": "Visit-V2",
          "extension": [
            {
              "url": "https://github.com/alpivonka/FHIR-Base-Clinical-Examples/StructureDefinition/epoch-id",
              "valueUri": "PlanDefinition/EPCH-DEF-0002-2/#Treatment-65e9-11ed-9022-0242ac120001"
            }
          ],
          "relatedAction": [
            {
              "targetId": "Visit-V1",
              "relationship": "after"
            },
            {
              "targetId": "Visit-V3",
              "relationship": "before"
            }
          ],
          "timingTiming": {
            "repeat": {
              "boundsRange": {
                "low": {
                  "value": 0
                },
                "high": {
                  "value": 2
                }
              },
              "periodUnit": "d"
            }
          },
          "type": {
            "coding": [
              {
                "system": "https://github.com/alpivonka/FHIR-Base-Clinical-Examples/CodeSystem/plan-definition-cs",
                "code": "Visit"
              }
            ]
          },
          "definitionUri": "PlanDefinition/Visit-V2-f53a0dfe-9a2e-41f0-8378-d102629473a3"
        },
        {
          "id": "Visit-V3",
          "extension": [
            {
              "url": "https://github.com/alpivonka/FHIR-Base-Clinical-Examples/StructureDefinition/epoch-id",
              "valueUri": "PlanDefinition/EPCH-DEF-0002-2/#Treatment-65e9-11ed-9022-0242ac120001"
            }
          ],
          "relatedAction": [
            {
              "targetId": "Visit-V1",
              "relationship": "after"
            },
            {
              "targetId": "Visit-V2",
              "relationship": "after"
            },
            {
              "targetId": "Visit-V4",
              "relationship": "before"
            }
          ],
          "timingTiming": {
            "repeat": {
              "boundsRange": {
                "low": {
                  "value": 0
                },
                "high": {
                  "value": 2
                }
              },
              "periodUnit": "d"
            }
          },
          "type": {
            "coding": [
              {
                "system": "https://github.com/alpivonka/FHIR-Base-Clinical-Examples/CodeSystem/plan-definition-cs",
                "code": "Visit"
              }
            ]
          },
          "definitionUri": "PlanDefinition/Visit-V3-343f3656-9ddd-4e10-996f-dba5a64650f2"
        },
        {
          "id": "Visit-V4",
          "extension": [
            {
              "url": "https://github.com/alpivonka/FHIR-Base-Clinical-Examples/StructureDefinition/epoch-id",
              "valueUri": "PlanDefinition/EPCH-DEF-0002-2/#Followup-65e9-11ed-9022-0242ac120000"
            }
          ],
          "relatedAction": [
            {
              "targetId": "Visit-V1",
              "relationship": "after"
            },
            {
              "targetId": "Visit-V2",
              "relationship": "after"
            },
            {
              "targetId": "Visit-V3",
              "relationship": "after"
            }
          ],
          "timingTiming": {
            "repeat": {
              "boundsRange": {
                "low": {
                  "value": 5
                },
                "high": {
                  "value": 1
                }
              },
              "periodUnit": "d",
              "offset": 5
            }
          },
          "type": {
            "coding": [
              {
                "system": "https://github.com/alpivonka/FHIR-Base-Clinical-Examples/CodeSystem/plan-definition-cs",
                "code": "Visit"
              }
            ]
          },
          "definitionUri": "PlanDefinition/Visit-V4-c936f630-d853-4933-b743-ae16e1f07820"
        }
      ]
    },
    {
      "type": {
        "coding": [
          {
            "system": "https://github.com/alpivonka/FHIR-Base-Clinical-Examples/CodeSystem/soa-action-cs",
            "code": "UNSCHEDULED_ACTIVITIES"
          }
        ]
      },
      "action": [
        {
          "id": "Visit-A1",
          "extension": [
            {
              "url": "https://github.com/alpivonka/FHIR-Base-Clinical-Examples/StructureDefinition/epoch-id",
              "valueUri": "PlanDefinition/EPCH-DEF-0002-2/#Treatment-65e9-11ed-9022-0242ac120001"
            }
          ],
          "type": {
            "coding": [
              {
                "system": "https://github.com/alpivonka/FHIR-Base-Clinical-Examples/CodeSystem/plan-definition-cs",
                "code": "Visit"
              }
            ]
          },
          "definitionUri": "PlanDefinition/1289d38a-653a-4cd9-afb9-b95299741b3a1"
        },
        {
          "id": "Visit-C1",
          "extension": [
            {
              "url": "https://github.com/alpivonka/FHIR-Base-Clinical-Examples/StructureDefinition/epoch-id",
              "valueUri": "PlanDefinition/EPCH-DEF-0002-2/#Treatment-65e9-11ed-9022-0242ac120001"
            }
          ],
          "type": {
            "coding": [
              {
                "system": "https://github.com/alpivonka/FHIR-Base-Clinical-Examples/CodeSystem/plan-definition-cs",
                "code": "Visit"
              }
            ]
          },
          "definitionUri": "PlanDefinition/1289d38a-653a-4cd9-afb9-b95299741b3c1"
        }
      ]
    },
    {
      "type": {
        "coding": [
          {
            "system": "https://github.com/alpivonka/FHIR-Base-Clinical-Examples/CodeSystem/soa-action-cs",
            "code": "RECURRING_FORMS"
          }
        ]
      },
      "action": [
        {
          "extension": [
            {
              "url": "https://github.com/alpivonka/FHIR-Base-Clinical-Examples/StructureDefinition/epoch-id",
              "valueUri": "PlanDefinition/EPCH-DEF-0002-2/#Treatment-65e9-11ed-9022-0242ac120001"
            }
          ],
          "trigger": [
            {
              "type": "named-event",
              "name": "VISIT",
              "timingTiming": {
                "repeat": {
                  "durationUnit": "d",
                  "period": 1
                }
              }
            }
          ],
          "type": {
            "coding": [
              {
                "code": "Questionnaire"
              }
            ]
          },
          "definitionUri": "Questionnaire/f1489be3-f6dd-483c-a82a-65243cd01eb8"
        },
        {
          "extension": [
            {
              "url": "https://github.com/alpivonka/FHIR-Base-Clinical-Examples/StructureDefinition/epoch-id",
              "valueUri": "PlanDefinition/EPCH-DEF-0002-2/#Treatment-65e9-11ed-9022-0242ac120001"
            }
          ],
          "trigger": [
            {
              "type": "named-event",
              "name": "PREVIOUS_VISIT",
              "timingTiming": {
                "repeat": {
                  "countMax": 6,
                  "durationUnit": "d",
                  "period": 1,
                  "periodUnit": "wk",
                  "dayOfWeek": [
                    "sun",
                    "mon",
                    "wed",
                    "sat"
                  ]
                }
              }
            }
          ],
          "condition": [
            {
              "kind": "start",
              "expression": {
                "expression": "if my dog has a cat is he a catdog",
                "reference": "cl/2928292782"
              }
            }
          ],
          "type": {
            "coding": [
              {
                "code": "Questionnaire"
              }
            ]
          },
          "definitionUri": "Questionnaire/6ff38b3d-099a-4fe0-ac46-267092619e2c"
        }
      ]
    },
    {
      "type": {
        "coding": [
          {
            "system": "https://github.com/alpivonka/FHIR-Base-Clinical-Examples/CodeSystem/soa-action-cs",
            "code": "ADHOC_FORMS"
          }
        ]
      },
      "action": [
        {
          "extension": [
            {
              "url": "https://github.com/alpivonka/FHIR-Base-Clinical-Examples/StructureDefinition/epoch-id",
              "valueUri": "PlanDefinition/EPCH-DEF-0002-2/#Treatment-65e9-11ed-9022-0242ac120001"
            }
          ],
          "type": {
            "coding": [
              {
                "code": "Questionnaire"
              }
            ]
          },
          "definitionUri": "Questionnaire/f1489be3-f6dd-483c-a82a-65243cd01eb8x"
        },
        {
          "extension": [
            {
              "url": "https://github.com/alpivonka/FHIR-Base-Clinical-Examples/StructureDefinition/epoch-id",
              "valueUri": "PlanDefinition/EPCH-DEF-0002-2/#Treatment-65e9-11ed-9022-0242ac120001"
            }
          ],
          "type": {
            "coding": [
              {
                "code": "Questionnaire"
              }
            ]
          },
          "definitionUri": "Questionnaire/49858fac-02bd-4d51-91d1-37ebb9097d36x"
        }
      ]
    },
    {
      "type": {
        "coding": [
          {
            "system": "https://github.com/alpivonka/FHIR-Base-Clinical-Examples/CodeSystem/soa-action-cs",
            "code": "ONGOING_FORMS"
          }
        ]
      },
      "action": [
        {
          "extension": [
            {
              "url": "https://github.com/alpivonka/FHIR-Base-Clinical-Examples/StructureDefinition/epoch-id",
              "valueUri": "PlanDefinition/EPCH-DEF-0002-2/#Treatment-65e9-11ed-9022-0242ac120001"
            }
          ],
          "type": {
            "coding": [
              {
                "code": "Questionnaire"
              }
            ]
          },
          "definitionUri": "Questionnaire/f1489be3-f6dd-483c-a82a-65243cd01eb8xy"
        },
        {
          "extension": [
            {
              "url": "https://github.com/alpivonka/FHIR-Base-Clinical-Examples/StructureDefinition/epoch-id",
              "valueUri": "PlanDefinition/EPCH-DEF-0002-2/#Treatment-65e9-11ed-9022-0242ac120001"
            }
          ],
          "type": {
            "coding": [
              {
                "code": "Questionnaire"
              }
            ]
          },
          "definitionUri": "Questionnaire/49858fac-02bd-4d51-91d1-37ebb9097d36xy"
        }
      ]
    }
  ]
}