{
  "resourceType": "PlanDefinition",
  "id": "PlatformDefinedActivities-001",
  "meta": {
    "profile": [
      "https://github.com/alpivonka/FHIR-Base-Clinical-Examples/StructureDefinition/defined-activities"
    ],
    "tag": [
      {
        "system": "Organization/7ad0f876s76dfa7d98a5s67",
        "code": "definedActivityLibrary"
      }
    ]
  },
  "text": {
    "status": "generated",
    "div": "<div xmlns=\"http://www.w3.org/1999/xhtml\"><p><b>Generated Narrative: PlanDefinition</b><a name=\"PlatformDefinedActivities-001\"> </a></p><div style=\"display: inline-block; background-color: #d9e0e7; padding: 6px; margin: 4px; border: 1px solid #8da1b4; border-radius: 5px; line-height: 60%\"><p style=\"margin-bottom: 0px\">Resource PlanDefinition &quot;PlatformDefinedActivities-001&quot; </p><p style=\"margin-bottom: 0px\">Profile: <a href=\"StructureDefinition-defined-activities.html\">Profile: Defined Activities</a></p><p style=\"margin-bottom: 0px\">Tag: <span title=\"{Organization/7ad0f876s76dfa7d98a5s67 Organization/7ad0f876s76dfa7d98a5s67}\">Organization/7ad0f876s76dfa7d98a5s67</span></p></div><p><b>url</b>: <code>https://github.com/alpivonka/FHIR-Base-Clinical-Examples/PlanDefinition/PlatformDefinedActivities-001</code></p><p><b>version</b>: 1.0.0</p><p><b>type</b>: PlatformDefinedActivities <span style=\"background: LightGoldenRodYellow; margin: 4px; border: 1px solid khaki\"> ([not stated]#PlatformDefinedActivities)</span></p><p><b>status</b>: active</p><p><b>date</b>: 2022-11-28 09:47:14+0000</p><p><b>publisher</b>: ClinicalTrialExample</p><blockquote><p><b>action</b></p><p><b>code</b>: ActivityDefinition <span style=\"background: LightGoldenRodYellow; margin: 4px; border: 1px solid khaki\"> (All FHIR Types#ActivityDefinition)</span></p><h3>Actions</h3><table class=\"grid\"><tr><td>-</td><td><b>Title</b></td><td><b>Description</b></td><td><b>Definition[x]</b></td></tr><tr><td>*</td><td>ActivityDef-Name-1</td><td>Must be kept action.title in sych with the Activity Definition's name for ease of use by UI/UX </td><td><code>ActivityDefinition/fab63b28-6aa5-11ed-a1eb-0242ac120001</code></td></tr><tr><td>*</td><td>ActivityDef-Name-2</td><td>Must be kept action.title in sych with the Activity Definition's name for ease of use by UI/UX </td><td><code>ActivityDefinition/fab63b28-6aa5-11ed-a1eb-0242ac120002</code></td></tr><tr><td>*</td><td>ActivityDef-Name-3</td><td>Must be kept action.title in sych with the Activity Definition's name for ease of use by UI/UX </td><td><code>ActivityDefinition/fab63b28-6aa5-11ed-a1eb-0242ac120003</code></td></tr></table></blockquote><blockquote><p><b>action</b></p><p><b>code</b>: ObservationDefinition <span style=\"background: LightGoldenRodYellow; margin: 4px; border: 1px solid khaki\"> (All FHIR Types#ObservationDefinition)</span></p></blockquote><blockquote><p><b>action</b></p><p><b>code</b>: PlanDefinition <span style=\"background: LightGoldenRodYellow; margin: 4px; border: 1px solid khaki\"> (All FHIR Types#PlanDefinition)</span></p></blockquote><blockquote><p><b>action</b></p><p><b>code</b>: Questionnaire <span style=\"background: LightGoldenRodYellow; margin: 4px; border: 1px solid khaki\"> (All FHIR Types#Questionnaire)</span></p><h3>Actions</h3><table class=\"grid\"><tr><td>-</td><td><b>Title</b></td><td><b>Description</b></td><td><b>Definition[x]</b></td></tr><tr><td>*</td><td>Questionnaire-Name-1</td><td>Must be kept action.title in sych with the Questionnaire's name for ease of use by UI/UX </td><td><code>Questionnaire/fab63b28-6aa5-11ed-a1eb-0242ac120001</code></td></tr><tr><td>*</td><td>Questionnaire-Name-2</td><td>Must be kept action.title in sych with the Questionnaire's name for ease of use by UI/UX </td><td><code>Questionnaire/fab63b28-6aa5-11ed-a1eb-0242ac120002</code></td></tr><tr><td>*</td><td>Questionnaire-Name-3</td><td>Must be kept action.title in sych with the Questionnaire's name for ease of use by UI/UX </td><td><code>Questionnaire/fab63b28-6aa5-11ed-a1eb-0242ac120003</code></td></tr><tr><td>*</td><td>Questionnaire-Name-4</td><td>Must be kept action.title in sych with the Questionnaire's name for ease of use by UI/UX </td><td><code>Questionnaire/fab63b28-6aa5-11ed-a1eb-0242ac120004</code></td></tr><tr><td>*</td><td>Questionnaire-Name-5</td><td>Must be kept action.title in sych with the Questionnaire's name for ease of use by UI/UX </td><td><code>Questionnaire/fab63b28-6aa5-11ed-a1eb-0242ac120005</code></td></tr><tr><td>*</td><td>Questionnaire-Name-6</td><td>Must be kept action.title in sych with the Questionnaire's name for ease of use by UI/UX </td><td><code>Questionnaire/fab63b28-6aa5-11ed-a1eb-0242ac120006</code></td></tr></table></blockquote></div>"
  },
  "url": "https://github.com/alpivonka/FHIR-Base-Clinical-Examples/PlanDefinition/PlatformDefinedActivities-001",
  "version": "1.0.0",
  "type": {
    "coding": [
      {
        "code": "PlatformDefinedActivities"
      }
    ]
  },
  "status": "active",
  "date": "2022-11-28T21:47:14+00:00",
  "publisher": "ClinicalTrialExample",
  "action": [
    {
      "code": {
        "coding": [
          {
            "system": "http://hl7.org/fhir/resource-types",
            "code": "ActivityDefinition"
          }
        ]
      },
      "action": [
        {
          "title": "ActivityDef-Name-1",
          "description": "Must be kept action.title in sych with the Activity Definition's name for ease of use by UI/UX ",
          "definitionUri": "ActivityDefinition/fab63b28-6aa5-11ed-a1eb-0242ac120001"
        },
        {
          "title": "ActivityDef-Name-2",
          "description": "Must be kept action.title in sych with the Activity Definition's name for ease of use by UI/UX ",
          "definitionUri": "ActivityDefinition/fab63b28-6aa5-11ed-a1eb-0242ac120002"
        },
        {
          "title": "ActivityDef-Name-3",
          "description": "Must be kept action.title in sych with the Activity Definition's name for ease of use by UI/UX ",
          "definitionUri": "ActivityDefinition/fab63b28-6aa5-11ed-a1eb-0242ac120003"
        }
      ]
    },
    {
      "code": {
        "coding": [
          {
            "system": "http://hl7.org/fhir/resource-types",
            "code": "ObservationDefinition"
          }
        ]
      }
    },
    {
      "code": {
        "coding": [
          {
            "system": "http://hl7.org/fhir/resource-types",
            "code": "PlanDefinition"
          }
        ]
      }
    },
    {
      "code": {
        "coding": [
          {
            "system": "http://hl7.org/fhir/resource-types",
            "code": "Questionnaire"
          }
        ]
      },
      "action": [
        {
          "title": "Questionnaire-Name-1",
          "description": "Must be kept action.title in sych with the Questionnaire's name for ease of use by UI/UX ",
          "definitionUri": "Questionnaire/fab63b28-6aa5-11ed-a1eb-0242ac120001"
        },
        {
          "title": "Questionnaire-Name-2",
          "description": "Must be kept action.title in sych with the Questionnaire's name for ease of use by UI/UX ",
          "definitionUri": "Questionnaire/fab63b28-6aa5-11ed-a1eb-0242ac120002"
        },
        {
          "title": "Questionnaire-Name-3",
          "description": "Must be kept action.title in sych with the Questionnaire's name for ease of use by UI/UX ",
          "definitionUri": "Questionnaire/fab63b28-6aa5-11ed-a1eb-0242ac120003"
        },
        {
          "title": "Questionnaire-Name-4",
          "description": "Must be kept action.title in sych with the Questionnaire's name for ease of use by UI/UX ",
          "definitionUri": "Questionnaire/fab63b28-6aa5-11ed-a1eb-0242ac120004"
        },
        {
          "title": "Questionnaire-Name-5",
          "description": "Must be kept action.title in sych with the Questionnaire's name for ease of use by UI/UX ",
          "definitionUri": "Questionnaire/fab63b28-6aa5-11ed-a1eb-0242ac120005"
        },
        {
          "title": "Questionnaire-Name-6",
          "description": "Must be kept action.title in sych with the Questionnaire's name for ease of use by UI/UX ",
          "definitionUri": "Questionnaire/fab63b28-6aa5-11ed-a1eb-0242ac120006"
        }
      ]
    }
  ]
}