{
  "resourceType": "ResearchSubject",
  "id": "ResearchSubject-1",
  "meta": {
    "extension": [
      {
        "url": "http://hl7.org/fhir/StructureDefinition/firstCreated",
        "valueInstant": "2022-01-01T10:08:10Z"
      }
    ],
    "lastUpdated": "2022-01-01T10:08:10Z",
    "profile": [
      "https://github.com/alpivonka/FHIR-Base-Clinical-Examples/StructureDefinition/the-research-subject"
    ]
  },
  "text": {
    "status": "extensions",
    "div": "<div xmlns=\"http://www.w3.org/1999/xhtml\"><p><b>Generated Narrative: ResearchSubject</b><a name=\"ResearchSubject-1\"> </a></p><div style=\"display: inline-block; background-color: #d9e0e7; padding: 6px; margin: 4px; border: 1px solid #8da1b4; border-radius: 5px; line-height: 60%\"><p style=\"margin-bottom: 0px\">Resource ResearchSubject &quot;ResearchSubject-1&quot; Updated &quot;2022-01-01 10:08:10+0000&quot; </p><p style=\"margin-bottom: 0px\">Profile: <a href=\"StructureDefinition-the-research-subject.html\">ResearchSubject</a></p></div><blockquote><p><b>Group References</b></p><p><b>value</b>: ARM</p></blockquote><blockquote><p><b>Group References</b></p><p><b>value</b>: COHORT</p></blockquote><p><b>status</b>: active</p><p><b>study</b>: <a href=\"ResearchStudy-ResearchStudy-1-002.html\">ResearchStudy/ResearchStudy-1-002</a></p><p><b>subject</b>: <a href=\"Patient-Patient-1-001.html\">Patient/Patient-1-001</a></p></div>"
  },
  "extension": [
    {
      "extension": [
        {
          "url": "type",
          "valueString": "ARM"
        },
        {
          "extension": [
            {
              "url": "reference",
              "valueReference": {
                "reference": "Group/ARMMonkeyFeet-internal-uuid2s"
              }
            },
            {
              "url": "active",
              "valueBoolean": true
            }
          ],
          "url": "referencedGroup"
        },
        {
          "extension": [
            {
              "url": "reference",
              "valueReference": {
                "reference": "Group/ARMGroupMonkeyLegs-uuid22s"
              }
            },
            {
              "url": "active",
              "valueBoolean": false
            }
          ],
          "url": "referencedGroup"
        }
      ],
      "url": "https://github.com/alpivonka/FHIR-Base-Clinical-Examples/StructureDefinition/group-references"
    },
    {
      "extension": [
        {
          "url": "type",
          "valueString": "COHORT"
        },
        {
          "extension": [
            {
              "url": "reference",
              "valueReference": {
                "reference": "Group/CohortGroupUnder25"
              }
            },
            {
              "url": "active",
              "valueBoolean": true
            }
          ],
          "url": "referencedGroup"
        }
      ],
      "url": "https://github.com/alpivonka/FHIR-Base-Clinical-Examples/StructureDefinition/group-references"
    }
  ],
  "status": "active",
  "study": {
    "reference": "ResearchStudy/ResearchStudy-1-002"
  },
  "subject": {
    "reference": "Patient/Patient-1-001"
  }
}