<?xml version="1.0" encoding="UTF-8"?>

<ResearchStudy xmlns="http://hl7.org/fhir">
  <id value="ResearchStudy-1-002"/>
  <text>
    <status value="generated"/><div xmlns="http://www.w3.org/1999/xhtml"><p><b>Generated Narrative: ResearchStudy</b><a name="ResearchStudy-1-002"> </a></p><div style="display: inline-block; background-color: #d9e0e7; padding: 6px; margin: 4px; border: 1px solid #8da1b4; border-radius: 5px; line-height: 60%"><p style="margin-bottom: 0px">Resource ResearchStudy "ResearchStudy-1-002" </p></div><p><b>status</b>: active</p><blockquote><p><b>comparisonGroup</b></p><p><b>name</b>: ARM1</p><p><b>type</b>: ARM <span style="background: LightGoldenRodYellow; margin: 4px; border: 1px solid khaki"> ([not stated]#ARM)</span></p><p><b>observedGroup</b>: <a href="ARMGroup">ARMGroup</a></p></blockquote><blockquote><p><b>comparisonGroup</b></p><p><b>name</b>: ARMGroupMonkeyFeet</p><p><b>type</b>: ARM <span style="background: LightGoldenRodYellow; margin: 4px; border: 1px solid khaki"> ([not stated]#ARM)</span></p><p><b>observedGroup</b>: <a href="Group-ARMMonkeyFeet-internal-uuid2s.html">Group/ARMMonkeyFeet-internal-uuid2s</a> "MonkeyFeet"</p></blockquote><blockquote><p><b>comparisonGroup</b></p><p><b>name</b>: ARMGroupMonkeyLegs</p><p><b>type</b>: ARM <span style="background: LightGoldenRodYellow; margin: 4px; border: 1px solid khaki"> ([not stated]#ARM)</span></p><p><b>observedGroup</b>: <a href="Group-ARMGroupMonkeyLegs-uuid22s.html">Group/ARMGroupMonkeyLegs-uuid22s</a> "MonkeyFeet"</p></blockquote><blockquote><p><b>comparisonGroup</b></p><p><b>name</b>: CohortGroupOver50</p><p><b>type</b>: COHORT <span style="background: LightGoldenRodYellow; margin: 4px; border: 1px solid khaki"> ([not stated]#COHORT)</span></p><p><b>observedGroup</b>: <a href="Group-CohortGroupOver50-ss9s9s9.html">Group/CohortGroupOver50-ss9s9s9</a> "Men over 50"</p></blockquote><blockquote><p><b>comparisonGroup</b></p><p><b>name</b>: Cohort2GroupUnder50</p><p><b>type</b>: COHORT <span style="background: LightGoldenRodYellow; margin: 4px; border: 1px solid khaki"> ([not stated]#COHORT)</span></p><p><b>observedGroup</b>: <a href="Group-Cohort2GroupUnder50-ososi.html">Group/Cohort2GroupUnder50-ososi</a> "Men under 50"</p></blockquote><blockquote><p><b>comparisonGroup</b></p><p><b>name</b>: CohortGroupUnder25</p><p><b>type</b>: COHORT <span style="background: LightGoldenRodYellow; margin: 4px; border: 1px solid khaki"> ([not stated]#COHORT)</span></p><p><b>observedGroup</b>: <a href="Group-CohortGroupUnder25.html">Group/CohortGroupUnder25</a> "Men under 25"</p></blockquote></div>
  </text>
  <status value="active"/>
  <comparisonGroup>
    <name value="ARM1"/>
    <type>
      <coding>
        <code value="ARM"/>
      </coding>
    </type>
    <observedGroup>
      <reference value="ARMGroup"/>
    </observedGroup>
  </comparisonGroup>
  <comparisonGroup>
    <name value="ARMGroupMonkeyFeet"/>
    <type>
      <coding>
        <code value="ARM"/>
      </coding>
    </type>
    <observedGroup>
      <reference value="Group/ARMMonkeyFeet-internal-uuid2s"/>
    </observedGroup>
  </comparisonGroup>
  <comparisonGroup>
    <name value="ARMGroupMonkeyLegs"/>
    <type>
      <coding>
        <code value="ARM"/>
      </coding>
    </type>
    <observedGroup>
      <reference value="Group/ARMGroupMonkeyLegs-uuid22s"/>
    </observedGroup>
  </comparisonGroup>
  <comparisonGroup>
    <name value="CohortGroupOver50"/>
    <type>
      <coding>
        <code value="COHORT"/>
      </coding>
    </type>
    <observedGroup>
      <reference value="Group/CohortGroupOver50-ss9s9s9"/>
    </observedGroup>
  </comparisonGroup>
  <comparisonGroup>
    <name value="Cohort2GroupUnder50"/>
    <type>
      <coding>
        <code value="COHORT"/>
      </coding>
    </type>
    <observedGroup>
      <reference value="Group/Cohort2GroupUnder50-ososi"/>
    </observedGroup>
  </comparisonGroup>
  <comparisonGroup>
    <name value="CohortGroupUnder25"/>
    <type>
      <coding>
        <code value="COHORT"/>
      </coding>
    </type>
    <observedGroup>
      <reference value="Group/CohortGroupUnder25"/>
    </observedGroup>
  </comparisonGroup>
</ResearchStudy>