"Id","Path","Slice Name","Alias(s)","Label","Min","Max","Must Support?","Is Modifier?","Is Summary?","Type(s)","Short","Definition","Comments","Requirements","Default Value","Meaning When Missing","Fixed Value","Pattern","Example","Minimum Value","Maximum Value","Maximum Length","Binding Strength","Binding Description","Binding Value Set","Code","Slicing Discriminator","Slicing Description","Slicing Ordered","Slicing Rules","Base Path","Base Min","Base Max","Condition(s)","Constraint(s)","Mapping: Workflow Pattern","Mapping: RIM Mapping","Mapping: FiveWs Pattern Mapping","Mapping: Object Implementation Information"
"ActivityDefinition","ActivityDefinition","","","",0,*,"","","","","The definition of a specific activity to be taken, independent of any particular patient or context","This resource allows for the definition of some activity to be performed, independent of a particular patient, practitioner, or other performance context.","","","","","","","","","",,,,,"",,,,"ActivityDefinition",0,*,"","","Definition","Act[classCode=ACT; moodCode=DEFN]","clinical.general"
"ActivityDefinition.id","ActivityDefinition.id","","","",0,1,"","","Y","id {[]} {[]}
","Logical id of this artifact","The logical id of the resource, as used in the URL for the resource. Once assigned, this value never changes.","Within the context of the FHIR RESTful interactions, the resource has an id except for cases like the create and conditional update. Otherwise, the use of the resouce id depends on the given use case.","","","","","","","","",,,,,"",,,,"Resource.id",0,1,"",""
"ActivityDefinition.meta","ActivityDefinition.meta","","","",0,1,"","","Y","Meta {[]} {[]}
","Metadata about the resource","The metadata about the resource. This is content that is maintained by the infrastructure. Changes to the content might not always be associated with version changes to the resource.","","","","","","","","","",,,,,"",,,,"Resource.meta",0,1,"",""
"ActivityDefinition.meta.id","ActivityDefinition.meta.id","","","",0,1,"","","","id {[]} {[]}
","Unique id for inter-element referencing","Unique id for the element within a resource (for internal references). This may be any string value that does not contain spaces.","","","","","","","","","",,,,,"",,,,"Element.id",0,1,"","","n/a"
"ActivityDefinition.meta.extension","ActivityDefinition.meta.extension","","extensions
user content","",0,*,"","","","Extension {[]} {[]}
","Additional content defined by implementations","May be used to represent additional information that is not part of the basic definition of the element. To make the use of extensions safe and manageable, there is a strict set of governance  applied to the definition and use of extensions. Though any implementer can define an extension, there is a set of requirements that SHALL be met as part of the definition of the extension.","There can be no stigma associated with the use of extensions by any application, project, or standard - regardless of the institution or jurisdiction that uses or defines the extensions.  The use of extensions is what allows the FHIR specification to retain a core level of simplicity for everyone.","","","","","","","","",,,,,"","value:url}
","Extensions are always sliced by (at least) url",,"open","Element.extension",0,*,"","ele-1:All FHIR elements must have a @value or children {hasValue() or (children().count() > id.count())}
ext-1:Must have either extensions or value[x], not both {extension.exists() != value.exists()}","n/a"
"ActivityDefinition.meta.extension:createdAt","ActivityDefinition.meta.extension","createdAt","","",0,1,"","","","Extension {[CanonicalType[http://hl7.org/fhir/StructureDefinition/firstCreated]]} {[]}
","The instant when this resource ID was first associated with content on this server","Indicates when this resource ID was first associated with content on this server.","","","","","","","","","",,,,,"",,,,"Element.extension",0,*,"","ele-1:All FHIR elements must have a @value or children {hasValue() or (children().count() > id.count())}
ext-1:Must have either extensions or value[x], not both {extension.exists() != value.exists()}","n/a"
"ActivityDefinition.meta.versionId","ActivityDefinition.meta.versionId","","","",0,1,"","","Y","id {[]} {[]}
","Version specific identifier","The version specific identifier, as it appears in the version portion of the URL. This value changes when the resource is created, updated, or deleted.","The server assigns this value, and ignores what the client specifies, except in the case that the server is imposing version integrity on updates/deletes.","","","","","","","","",,,,,"",,,,"Meta.versionId",0,1,"","ele-1:All FHIR elements must have a @value or children {hasValue() or (children().count() > id.count())}
"
"ActivityDefinition.meta.lastUpdated","ActivityDefinition.meta.lastUpdated","","","",0,1,"Y","","Y","instant {[]} {[]}
","When the resource version last changed","When the resource last changed - e.g. when the version changed.","This value is always populated except when the resource is first being created. The server / resource manager sets this value; what a client provides is irrelevant. This is equivalent to the HTTP Last-Modified and SHOULD have the same value on a [read](http://build.fhir.org/http.html#read) interaction.","","","","","","","","",,,,,"",,,,"Meta.lastUpdated",0,1,"","ele-1:All FHIR elements must have a @value or children {hasValue() or (children().count() > id.count())}
"
"ActivityDefinition.meta.source","ActivityDefinition.meta.source","","","",0,1,"","","Y","uri {[]} {[]}
","Identifies where the resource comes from","A uri that identifies the source system of the resource. This provides a minimal amount of [Provenance](http://build.fhir.org/provenance.html#) information that can be used to track or differentiate the source of information in the resource. The source may identify another FHIR server, document, message, database, etc.","The exact use of the source (and the possible implied Provenance.entity.role and agent.role) is left to implementer discretion. Only one nominated source is allowed; for additional provenance details, a full Provenance resource should be used. The source may correspond to Provenance.entity.what[x] or Provenance.agent.who[x], though it may be a more general or abstract reference. 

This element can be used to indicate where the current master source of a resource that has a canonical URL if the resource is no longer hosted at the canonical URL.","","","","","","","","",,,,,"",,,,"Meta.source",0,1,"","ele-1:All FHIR elements must have a @value or children {hasValue() or (children().count() > id.count())}
"
"ActivityDefinition.meta.profile","ActivityDefinition.meta.profile","","","",0,*,"","","Y","canonical {[]} {[CanonicalType[http://hl7.org/fhir/StructureDefinition/StructureDefinition]]}
","Profiles this resource claims to conform to","A list of profiles (references to [StructureDefinition](http://build.fhir.org/structuredefinition.html#) resources) that this resource claims to conform to. The URL is a reference to [StructureDefinition.url](http://build.fhir.org/structuredefinition-definitions.html#StructureDefinition.url).","It is up to the server and/or other infrastructure of policy to determine whether/how these claims are verified and/or updated over time.  The list of profile URLs is a set.","","","","","","","","",,,,,"",,,,"Meta.profile",0,*,"","ele-1:All FHIR elements must have a @value or children {hasValue() or (children().count() > id.count())}
"
"ActivityDefinition.meta.security","ActivityDefinition.meta.security","","","",0,*,"","","Y","Coding {[]} {[]}
","Security Labels applied to this resource","Security labels applied to this resource. These tags connect specific resources to the overall security policy and infrastructure.","The security labels can be updated without changing the stated version of the resource. The list of security labels is a set. Uniqueness is based the system/code, and version and display are ignored.","","","","","","","","",,"extensible","","http://hl7.org/fhir/ValueSet/security-labels","",,,,"Meta.security",0,*,"","ele-1:All FHIR elements must have a @value or children {hasValue() or (children().count() > id.count())}
"
"ActivityDefinition.meta.tag","ActivityDefinition.meta.tag","","","",0,*,"","","Y","Coding {[]} {[]}
","Tags applied to this resource","Tags applied to this resource. Tags are intended to be used to identify and relate resources to process and workflow, and applications are not required to consider the tags when interpreting the meaning of a resource.","The tags can be updated without changing the stated version of the resource. The list of tags is a set. Uniqueness is based the system/code, and version and display are ignored.","","","","","","","","",,"example","","http://hl7.org/fhir/ValueSet/common-tags","",,,,"Meta.tag",0,*,"","ele-1:All FHIR elements must have a @value or children {hasValue() or (children().count() > id.count())}
"
"ActivityDefinition.implicitRules","ActivityDefinition.implicitRules","","","",0,1,"","Y","Y","uri {[]} {[]}
","A set of rules under which this content was created","A reference to a set of rules that were followed when the resource was constructed, and which must be understood when processing the content. Often, this is a reference to an implementation guide that defines the special rules along with other profiles etc.","Asserting this rule set restricts the content to be only understood by a limited set of trading partners. This inherently limits the usefulness of the data in the long term. However, the existing health eco-system is highly fractured, and not yet ready to define, collect, and exchange data in a generally computable sense. Wherever possible, implementers and/or specification writers should avoid using this element. Often, when used, the URL is a reference to an implementation guide that defines these special rules as part of it's narrative along with other profiles, value sets, etc.","","","","","","","","",,,,,"",,,,"Resource.implicitRules",0,1,"","ele-1:All FHIR elements must have a @value or children {hasValue() or (children().count() > id.count())}
"
"ActivityDefinition.language","ActivityDefinition.language","","","",0,1,"","","","code {[]} {[]}
","Language of the resource content","The base language in which the resource is written.","Language is provided to support indexing and accessibility (typically, services such as text to speech use the language tag). The html language tag in the narrative applies  to the narrative. The language tag on the resource may be used to specify the language of other presentations generated from the data in the resource. Not all the content has to be in the base language. The Resource.language should not be assumed to apply to the narrative automatically. If a language is specified, it should it also be specified on the div element in the html (see rules in HTML5 for information about the relationship between xml:lang and the html lang attribute).","","","","","","","","",,"preferred","IETF language tag","http://hl7.org/fhir/ValueSet/languages","",,,,"Resource.language",0,1,"","ele-1:All FHIR elements must have a @value or children {hasValue() or (children().count() > id.count())}
"
"ActivityDefinition.text","ActivityDefinition.text","","narrative
htmlxhtmldisplay","",0,1,"","","","Narrative {[]} {[]}
","Text summary of the resource, for human interpretation","A human-readable narrative that contains a summary of the resource and can be used to represent the content of the resource to a human. The narrative need not encode all the structured data, but is required to contain sufficient detail to make it ""clinically safe"" for a human to just read the narrative. Resource definitions may define what content should be represented in the narrative to ensure clinical safety.","Contained resources do not have a narrative. Resources that are not contained SHOULD have a narrative. In some cases, a resource may only have text with little or no additional discrete data (as long as all minOccurs=1 elements are satisfied).  This may be necessary for data from legacy systems where information is captured as a ""text blob"" or where text is additionally entered raw or narrated and encoded information is added later.","","","","","","","","",,,,,"",,,,"DomainResource.text",0,1,"","ele-1:All FHIR elements must have a @value or children {hasValue() or (children().count() > id.count())}
","Act.text?"
"ActivityDefinition.contained","ActivityDefinition.contained","","inline resources
anonymous resourcescontained resources","",0,*,"","","","Resource {[]} {[]}
","Contained, inline Resources","These resources do not have an independent existence apart from the resource that contains them - they cannot be identified independently, nor can they have their own independent transaction scope. This is allowed to be a Parameters resource if and only if it is referenced by a resource that provides context/meaning.","This should never be done when the content can be identified properly, as once identification is lost, it is extremely difficult (and context dependent) to restore it again. Contained resources may have profiles and tags in their meta elements, but SHALL NOT have security labels.","","","","","","","","",,,,,"",,,,"DomainResource.contained",0,*,"","","N/A"
"ActivityDefinition.extension","ActivityDefinition.extension","","","",0,*,"","","","Extension {[]} {[]}
","Extension","An Extension","","","","","","","","","",,,,,"","value:url}
","",,"open","DomainResource.extension",0,*,"","ele-1:All FHIR elements must have a @value or children {hasValue() or (children().count() > id.count())}
ext-1:Must have either extensions or value[x], not both {extension.exists() != value.exists()}"
"ActivityDefinition.extension:Study","ActivityDefinition.extension","Study","","",0,1,"","","","Extension {[CanonicalType[https://github.com/alpivonka/FHIR-Base-Clinical-Examples/StructureDefinition/study]]} {[]}
","Part Of Research Study","child to parent reference/association","","","","","","","","","",,,,,"",,,,"DomainResource.extension",0,*,"","ele-1:All FHIR elements must have a @value or children {hasValue() or (children().count() > id.count())}
ext-1:Must have either extensions or value[x], not both {extension.exists() != value.exists()}"
"ActivityDefinition.extension:basedOn","ActivityDefinition.extension","basedOn","","",0,1,"","","","Extension {[CanonicalType[http://hl7.org/fhir/StructureDefinition/event-basedOn]]} {[]}
","Fulfills plan, proposal or order","A plan, proposal or order that is fulfilled in whole or in part by this event.","","","","","","","","","",,,,,"",,,,"DomainResource.extension",0,*,"","ele-1:All FHIR elements must have a @value or children {hasValue() or (children().count() > id.count())}
ext-1:Must have either extensions or value[x], not both {extension.exists() != value.exists()}","Event.basedOn",".outboundRelationship[typeCode=FLFS].target"
"ActivityDefinition.extension:replaces","ActivityDefinition.extension","replaces","","",0,1,"","","","Extension {[CanonicalType[http://hl7.org/fhir/StructureDefinition/task-replaces]]} {[]}
","Task(s) replaced by this Task","Completed or terminated task(s) whose function is taken by this new task.","The replacement could be because the initial task was immediately rejected (due to an issue) or because the previous task was completed, but the need for the action described by the task remains ongoing.","","","","","","","","",,,,,"",,,,"DomainResource.extension",0,*,"","ele-1:All FHIR elements must have a @value or children {hasValue() or (children().count() > id.count())}
ext-1:Must have either extensions or value[x], not both {extension.exists() != value.exists()}","Request.replaces",".outboundRelationship[typeCode=RPLC].target"
"ActivityDefinition.modifierExtension","ActivityDefinition.modifierExtension","","extensions
user content","",0,*,"","Y","Y","Extension {[]} {[]}
","Extensions that cannot be ignored","May be used to represent additional information that is not part of the basic definition of the resource and that modifies the understanding of the element that contains it and/or the understanding of the containing element's descendants. Usually modifier elements provide negation or qualification. To make the use of extensions safe and manageable, there is a strict set of governance applied to the definition and use of extensions. Though any implementer is allowed to define an extension, there is a set of requirements that SHALL be met as part of the definition of the extension. Applications processing a resource are required to check for modifier extensions.

Modifier extensions SHALL NOT change the meaning of any elements on Resource or DomainResource (including cannot change the meaning of modifierExtension itself).","There can be no stigma associated with the use of extensions by any application, project, or standard - regardless of the institution or jurisdiction that uses or defines the extensions.  The use of extensions is what allows the FHIR specification to retain a core level of simplicity for everyone.","Modifier extensions allow for extensions that *cannot* be safely ignored to be clearly distinguished from the vast majority of extensions which can be safely ignored.  This promotes interoperability by eliminating the need for implementers to prohibit the presence of extensions. For further information, see the [definition of modifier extensions](http://build.fhir.org/extensibility.html#modifierExtension).","","","","","","","",,,,,"",,,,"DomainResource.modifierExtension",0,*,"","ele-1:All FHIR elements must have a @value or children {hasValue() or (children().count() > id.count())}
ext-1:Must have either extensions or value[x], not both {extension.exists() != value.exists()}","N/A"
"ActivityDefinition.url","ActivityDefinition.url","","","",0,1,"","","Y","uri {[]} {[]}
","Canonical identifier for this activity definition, represented as a URI (globally unique)","An absolute URI that is used to identify this activity definition when it is referenced in a specification, model, design or an instance; also called its canonical identifier. This SHOULD be globally unique and SHOULD be a literal address at which an authoritative instance of this activity definition is (or will be) published. This URL can be the target of a canonical reference. It SHALL remain the same when the activity definition is stored on different servers.","Can be a urn:uuid: or a urn:oid: but real http: addresses are preferred.  Multiple instances may share the same URL if they have a distinct version.

The determination of when to create a new version of a resource (same url, new version) vs. defining a new artifact is up to the author.  Considerations for making this decision are found in [Technical and Business Versions](http://build.fhir.org/resource.html#versions). 

In some cases, the resource can no longer be found at the stated url, but the url itself cannot change. Implementations can use the [meta.source](http://build.fhir.org/resource.html#meta) element to indicate where the current master source of the resource can be found.","Allows the activity definition to be referenced by a single globally unique identifier.","","","","","","","",,,,,"",,,,"ActivityDefinition.url",0,1,"","cnl-1:URL should not contain | or # - these characters make processing canonical references problematic {url.matches('([^|#])*')}
ele-1:All FHIR elements must have a @value or children {hasValue() or (children().count() > id.count())}","Definition.url",".identifier[scope=BUSN;reliability=ISS]","FiveWs.identifier"
"ActivityDefinition.identifier","ActivityDefinition.identifier","","","",0,*,"","","Y","Identifier {[]} {[]}
","Additional identifier for the activity definition","A formal identifier that is used to identify this activity definition when it is represented in other formats, or referenced in a specification, model, design or an instance.","Typically, this is used for identifiers that can go in an HL7 V3 II (instance identifier) data type, and can then identify this activity definition outside of FHIR, where it is not possible to use the logical URI.","Allows externally provided and/or usable business identifiers to be easily associated with the module.","","","","","","","",,,,,"",,,,"ActivityDefinition.identifier",0,*,"","ele-1:All FHIR elements must have a @value or children {hasValue() or (children().count() > id.count())}
","Definition.identifier",".identifier","FiveWs.identifier","no-gen-base"
"ActivityDefinition.version","ActivityDefinition.version","","","",0,1,"","","Y","string {[]} {[]}
","Business version of the activity definition","The identifier that is used to identify this version of the activity definition when it is referenced in a specification, model, design or instance. This is an arbitrary value managed by the activity definition author and is not expected to be globally unique. For example, it might be a timestamp (e.g. yyyymmdd) if a managed version is not available. There is also no expectation that versions can be placed in a lexicographical sequence. To provide a version consistent with the Decision Support Service specification, use the format Major.Minor.Revision (e.g. 1.0.0). For more information on versioning knowledge assets, refer to the Decision Support Service specification. Note that a version is required for non-experimental active assets.","There may be different activity definition instances that have the same identifier but different versions.  The version can be appended to the url in a reference to allow a reference to a particular business version of the activity definition with the format [url]|[version]. The version SHOULD NOT contain a '#' - see [Business Version](http://build.fhir.org/resource.html#bv-format).","","","","","","","","",,,,,"",,,,"ActivityDefinition.version",0,1,"","ele-1:All FHIR elements must have a @value or children {hasValue() or (children().count() > id.count())}
","Definition.version","N/A (to add?)","FiveWs.version"
"ActivityDefinition.name","ActivityDefinition.name","","","",0,1,"","","Y","string {[]} {[]}
","Name for this activity definition (computer friendly)","A natural language name identifying the activity definition. This name should be usable as an identifier for the module by machine processing applications such as code generation.","The name is not expected to be globally unique. The name should be a simple alphanumeric type name to ensure that it is machine-processing friendly.","Support human navigation and code generation.","","","","","","","",,,,,"",,,,"ActivityDefinition.name",0,1,"cnl-0
","ele-1:All FHIR elements must have a @value or children {hasValue() or (children().count() > id.count())}
","Definition.name","N/A"
"ActivityDefinition.title","ActivityDefinition.title","","","",0,1,"","","Y","string {[]} {[]}
","Name for this activity definition (human friendly)","A short, descriptive, user-friendly title for the activity definition.","This name does not need to be machine-processing friendly and may contain punctuation, white-space, etc.","","","","","","","","",,,,,"",,,,"ActivityDefinition.title",0,1,"","ele-1:All FHIR elements must have a @value or children {hasValue() or (children().count() > id.count())}
","Definition.title",".title"
"ActivityDefinition.subtitle","ActivityDefinition.subtitle","","","",0,1,"","","","string {[]} {[]}
","Subordinate title of the activity definition","An explanatory or alternate title for the activity definition giving additional information about its content.","","","","","","","","","",,,,,"",,,,"ActivityDefinition.subtitle",0,1,"","ele-1:All FHIR elements must have a @value or children {hasValue() or (children().count() > id.count())}
","N/A (to add?)"
"ActivityDefinition.status","ActivityDefinition.status","","","",1,1,"","Y","Y","code {[]} {[]}
","draft | active | retired | unknown","The status of this activity definition. Enables tracking the life-cycle of the content.","Allows filtering of activity definitions that are appropriate for use versus not.","","","","","","","","",,"required","The lifecycle status of an artifact.","http://hl7.org/fhir/ValueSet/publication-status|5.0.0-ballot","",,,,"ActivityDefinition.status",1,1,"","ele-1:All FHIR elements must have a @value or children {hasValue() or (children().count() > id.count())}
","Definition.status {different ValueSet}",".status","FiveWs.status"
"ActivityDefinition.experimental","ActivityDefinition.experimental","","","",0,1,"","","Y","boolean {[]} {[]}
","For testing purposes, not real usage","A Boolean value to indicate that this activity definition is authored for testing purposes (or education/evaluation/marketing) and is not intended to be used for genuine usage.","Allows filtering of activity definitions that are appropriate for use versus not.","Enables experimental content to be developed following the same lifecycle that would be used for a production-level activity definition.","","If absent, this resource is treated as though it is not experimental.","","","","","",,,,,"",,,,"ActivityDefinition.experimental",0,1,"","ele-1:All FHIR elements must have a @value or children {hasValue() or (children().count() > id.count())}
","Definition.experimental","N/A (to add?)","FiveWs.class"
"ActivityDefinition.subject[x]","ActivityDefinition.subject[x]","","","",0,1,"","","","CodeableConcept {[]} {[]}
Reference {[]} {[CanonicalType[http://hl7.org/fhir/StructureDefinition/Group], CanonicalType[http://hl7.org/fhir/StructureDefinition/MedicinalProductDefinition], CanonicalType[http://hl7.org/fhir/StructureDefinition/SubstanceDefinition], CanonicalType[http://hl7.org/fhir/StructureDefinition/AdministrableProductDefinition], CanonicalType[http://hl7.org/fhir/StructureDefinition/ManufacturedItemDefinition], CanonicalType[http://hl7.org/fhir/StructureDefinition/PackagedProductDefinition]]}canonical {[]} {[CanonicalType[http://hl7.org/fhir/StructureDefinition/EvidenceVariable]]}","Type of individual the activity definition is intended for","A code, group definition, or canonical reference that describes  or identifies the intended subject of the activity being defined.  Canonical references are allowed to support the definition of protocols for drug and substance quality specifications, and is allowed to reference a MedicinalProductDefinition, SubstanceDefinition, AdministrableProductDefinition, ManufacturedItemDefinition, or PackagedProductDefinition resource.","Note that the choice of canonical for the subject element was introduced in R4B to support pharmaceutical quality use cases. To ensure as much backwards-compatibility as possible, it is recommended to only use the new canonical type with these use cases.","","","Patient","","","","","",,"extensible","The possible types of subjects for an activity (E.g. Patient, Practitioner, Organization, Location, etc.).","http://hl7.org/fhir/ValueSet/participant-resource-types","",,,,"ActivityDefinition.subject[x]",0,1,"","ele-1:All FHIR elements must have a @value or children {hasValue() or (children().count() > id.count())}
","Definition.subject","N/A (to add?) { only applies for subject Patient? }"
"ActivityDefinition.date","ActivityDefinition.date","","Revision Date
","",0,1,"","","Y","dateTime {[]} {[]}
","Date last changed","The date  (and optionally time) when the activity definition was published. The date must change when the business version changes and it must change if the status code changes. In addition, it should change when the substantive content of the activity definition changes.","Note that this is not the same as the resource last-modified-date, since the resource may be a secondary representation of the activity definition. Additional specific dates may be added as extensions or be found by consulting Provenances associated with past versions of the resource.","","","","","","","","",,,,,"",,,,"ActivityDefinition.date",0,1,"","ele-1:All FHIR elements must have a @value or children {hasValue() or (children().count() > id.count())}
","Definition.date",".participation[typeCode=AUT].time","FiveWs.recorded"
"ActivityDefinition.publisher","ActivityDefinition.publisher","","","",0,1,"","","Y","string {[]} {[]}
","Name of the publisher/steward (organization or individual)","The name of the organization or individual responsible for the release and ongoing maintenance of the activity definition.","Usually an organization but may be an individual. The publisher (or steward) of the activity definition is the organization or individual primarily responsible for the maintenance and upkeep of the activity definition. This is not necessarily the same individual or organization that developed and initially authored the content. The publisher is the primary point of contact for questions or issues with the activity definition. This item SHOULD be populated unless the information is available from context.","Helps establish the ""authority/credibility"" of the activity definition.  May also allow for contact.","","","","","","","",,,,,"",,,,"ActivityDefinition.publisher",0,1,"","ele-1:All FHIR elements must have a @value or children {hasValue() or (children().count() > id.count())}
","Definition.publisher {as string instead of CodeableConcept}",".participation[typeCode=AUT].role","FiveWs.witness"
"ActivityDefinition.contact","ActivityDefinition.contact","","","",0,*,"","","Y","ContactDetail {[]} {[]}
","Contact details for the publisher","Contact details to assist a user in finding and communicating with the publisher.","May be a web site, an email address, a telephone number, etc.","","","","","","","","",,,,,"",,,,"ActivityDefinition.contact",0,*,"","ele-1:All FHIR elements must have a @value or children {hasValue() or (children().count() > id.count())}
","Definition.contact",".participation[typeCode=CALLBCK].role"
"ActivityDefinition.description","ActivityDefinition.description","","","",0,1,"","","Y","markdown {[]} {[]}
","Natural language description of the activity definition","A free text natural language description of the activity definition from a consumer's perspective.","This description can be used to capture details such as comments about misuse, instructions for clinical use and interpretation, literature references, examples from the paper world, etc. It is not a rendering of the activity definition as conveyed in the 'text' field of the resource itself. This item SHOULD be populated unless the information is available from context (e.g. the language of the activity definition is presumed to be the predominant language in the place the activity definition was created).","","","","","","","","",,,,,"",,,,"ActivityDefinition.description",0,1,"","ele-1:All FHIR elements must have a @value or children {hasValue() or (children().count() > id.count())}
","Definition.description",".text"
"ActivityDefinition.useContext","ActivityDefinition.useContext","","","",0,*,"","","Y","UsageContext {[]} {[]}
","The context that the content is intended to support","The content was developed with a focus and intent of supporting the contexts that are listed. These contexts may be general categories (gender, age, ...) or may be references to specific programs (insurance plans, studies, ...) and may be used to assist with indexing and searching for appropriate activity definition instances.","When multiple useContexts are specified, there is no expectation that all or any of the contexts apply.","Assist in searching for appropriate content.","","","","","","","",,,,,"",,,,"ActivityDefinition.useContext",0,*,"","ele-1:All FHIR elements must have a @value or children {hasValue() or (children().count() > id.count())}
","Definition.useContext","N/A (to add?)"
"ActivityDefinition.jurisdiction","ActivityDefinition.jurisdiction","","","",0,*,"","","Y","CodeableConcept {[]} {[]}
","Intended jurisdiction for activity definition (if applicable)","A legal or geographic region in which the activity definition is intended to be used.","It may be possible for the activity definition to be used in jurisdictions other than those for which it was originally designed or intended.","","","","","","","","",,"extensible","Countries and regions within which this artifact is targeted for use.","http://hl7.org/fhir/ValueSet/jurisdiction","",,,,"ActivityDefinition.jurisdiction",0,*,"","ele-1:All FHIR elements must have a @value or children {hasValue() or (children().count() > id.count())}
","Definition.jurisdiction","N/A (to add?)"
"ActivityDefinition.purpose","ActivityDefinition.purpose","","","",0,1,"","","","markdown {[]} {[]}
","Why this activity definition is defined","Explanation of why this activity definition is needed and why it has been designed as it has.","This element does not describe the usage of the activity definition. Instead, it provides traceability of ''why'' the resource is either needed or ''why'' it is defined as it is.  This may be used to point to source materials or specifications that drove the structure of this activity definition.","","","","","","","","",,,,,"",,,,"ActivityDefinition.purpose",0,1,"","ele-1:All FHIR elements must have a @value or children {hasValue() or (children().count() > id.count())}
","Definition.purpose",".reasonCode.text","FiveWs.why[x]","no-gen-base"
"ActivityDefinition.usage","ActivityDefinition.usage","","","",0,1,"","","","string {[]} {[]}
","Describes the clinical usage of the activity definition","A detailed description of how the activity definition is used from a clinical perspective.","","","","","","","","","",,,,,"",,,,"ActivityDefinition.usage",0,1,"","ele-1:All FHIR elements must have a @value or children {hasValue() or (children().count() > id.count())}
","N/A (to add?)"
"ActivityDefinition.copyright","ActivityDefinition.copyright","","License
Restrictions","",0,1,"","","","markdown {[]} {[]}
","Use and/or publishing restrictions","A copyright statement relating to the activity definition and/or its contents. Copyright statements are generally legal restrictions on the use and publishing of the activity definition.","","Consumers must be able to determine any legal restrictions on the use of the activity definition and/or its content.","","","","","","","",,,,,"",,,,"ActivityDefinition.copyright",0,1,"","ele-1:All FHIR elements must have a @value or children {hasValue() or (children().count() > id.count())}
","Definition.copyright","N/A (to add?)","no-gen-base"
"ActivityDefinition.approvalDate","ActivityDefinition.approvalDate","","","",0,1,"","","","date {[]} {[]}
","When the activity definition was approved by publisher","The date on which the resource content was approved by the publisher. Approval happens once when the content is officially approved for usage.","The 'date' element may be more recent than the approval date because of minor changes or editorial corrections.","","","","","","","","",,,,,"",,,,"ActivityDefinition.approvalDate",0,1,"","ele-1:All FHIR elements must have a @value or children {hasValue() or (children().count() > id.count())}
","Definition.approvalDate",".outboundRelationship[typeCode=""SUBJ""].act[classCode=CACT;moodCode=EVN;code=""approval""].effectiveTime","no-gen-base"
"ActivityDefinition.lastReviewDate","ActivityDefinition.lastReviewDate","","","",0,1,"","","","date {[]} {[]}
","When the activity definition was last reviewed","The date on which the resource content was last reviewed. Review happens periodically after approval but does not change the original approval date.","If specified, this date follows the original approval date.","Gives a sense of how ""current"" the content is.  Resources that have not been reviewed in a long time may have a risk of being less appropriate/relevant.","","","","","","","",,,,,"",,,,"ActivityDefinition.lastReviewDate",0,1,"","ele-1:All FHIR elements must have a @value or children {hasValue() or (children().count() > id.count())}
","Definition.lastReviewDate",".outboundRelationship[typeCode=""SUBJ""; subsetCode=""RECENT""].act[classCode=CACT;moodCode=EVN;code=""review""].effectiveTime","no-gen-base"
"ActivityDefinition.effectivePeriod","ActivityDefinition.effectivePeriod","","","",0,1,"","","Y","Period {[]} {[]}
","When the activity definition is expected to be used","The period during which the activity definition content was or is planned to be in active use.","The effective period for a activity definition  determines when the content is applicable for usage and is independent of publication and review dates. For example, a measure intended to be used for the year 2016 might be published in 2015.","Allows establishing a transition before a resource comes into effect and also allows for a sunsetting  process when new versions of the activity definition are or are expected to be used instead.","","","","","","","",,,,,"",,,,"ActivityDefinition.effectivePeriod",0,1,"","ele-1:All FHIR elements must have a @value or children {hasValue() or (children().count() > id.count())}
","Definition.effectivePeriod","N/A (to add?)","no-gen-base"
"ActivityDefinition.topic","ActivityDefinition.topic","","","",0,*,"","","","CodeableConcept {[]} {[]}
","E.g. Education, Treatment, Assessment, etc.","Descriptive topics related to the content of the activity. Topics provide a high-level categorization of the activity that can be useful for filtering and searching.","","Repositories must be able to determine how to categorize the activity definition so that it can be found by topical searches.","","","","","","","",,"example","High-level categorization of the definition, used for searching, sorting, and filtering.","http://hl7.org/fhir/ValueSet/definition-topic","",,,,"ActivityDefinition.topic",0,*,"","ele-1:All FHIR elements must have a @value or children {hasValue() or (children().count() > id.count())}
","N/A (to add?)"
"ActivityDefinition.author","ActivityDefinition.author","","","",0,*,"","","","ContactDetail {[]} {[]}
","Who authored the content","An individiual or organization primarily involved in the creation and maintenance of the content.","","","","","","","","","",,,,,"",,,,"ActivityDefinition.author",0,*,"","ele-1:All FHIR elements must have a @value or children {hasValue() or (children().count() > id.count())}
",".participation[typeCode=AUT]"
"ActivityDefinition.editor","ActivityDefinition.editor","","","",0,*,"","","","ContactDetail {[]} {[]}
","Who edited the content","An individual or organization primarily responsible for internal coherence of the content.","","","","","","","","","",,,,,"",,,,"ActivityDefinition.editor",0,*,"","ele-1:All FHIR elements must have a @value or children {hasValue() or (children().count() > id.count())}
",".participation[typeCode=AUT] { not a great match, but there does not appear to be an editor concept in V3 participation }"
"ActivityDefinition.reviewer","ActivityDefinition.reviewer","","","",0,*,"","","","ContactDetail {[]} {[]}
","Who reviewed the content","An individual or organization primarily responsible for review of some aspect of the content.","","","","","","","","","",,,,,"",,,,"ActivityDefinition.reviewer",0,*,"","ele-1:All FHIR elements must have a @value or children {hasValue() or (children().count() > id.count())}
",".participation[typeCode=VRF] {not clear whether VRF best corresponds to reviewer or endorser}"
"ActivityDefinition.endorser","ActivityDefinition.endorser","","","",0,*,"","","","ContactDetail {[]} {[]}
","Who endorsed the content","An individual or organization responsible for officially endorsing the content for use in some setting.","","","","","","","","","",,,,,"",,,,"ActivityDefinition.endorser",0,*,"","ele-1:All FHIR elements must have a @value or children {hasValue() or (children().count() > id.count())}
",".participation[typeCode=VRF] {not clear whether VRF best corresponds to reviewer or endorser}"
"ActivityDefinition.relatedArtifact","ActivityDefinition.relatedArtifact","","","",0,*,"","","","RelatedArtifact {[]} {[]}
","Additional documentation, citations, etc.","Related artifacts such as additional documentation, justification, or bibliographic references.","Each related artifact is either an attachment, or a reference to another resource, but not both.","Activity definitions must be able to provide enough information for consumers of the content (and/or interventions or results produced by the content) to be able to determine and understand the justification for and evidence in support of the content.","","","","","","","",,,,,"",,,,"ActivityDefinition.relatedArtifact",0,*,"","ele-1:All FHIR elements must have a @value or children {hasValue() or (children().count() > id.count())}
",".outboundRelationship[typeCode=DOC,RSON,PREV, DRIV, USE, COMP] {successor would be PREV w/ inversionInd=true; No support for citation}"
"ActivityDefinition.library","ActivityDefinition.library","","","",0,*,"","","","canonical {[]} {[CanonicalType[http://hl7.org/fhir/StructureDefinition/Library]]}
","Logic used by the activity definition","A reference to a Library resource containing any formal logic used by the activity definition.","","","","","","","","","",,,,,"",,,,"ActivityDefinition.library",0,*,"","ele-1:All FHIR elements must have a @value or children {hasValue() or (children().count() > id.count())}
",".outboundRelationship[typeCode=USE].target[classCode=GROUPER,moodCode=EVN]"
"ActivityDefinition.kind","ActivityDefinition.kind","","","",0,1,"","","Y","code {[]} {[]}
","Kind of resource","A description of the kind of resource the activity definition is representing. For example, a MedicationRequest, a ServiceRequest, or a CommunicationRequest. Typically, but not always, this is a Request resource.","May determine what types of extensions are permitted.","","","","","","","","",,"required","The kind of activity the definition is describing.","http://hl7.org/fhir/ValueSet/request-resource-types|5.0.0-ballot","",,,,"ActivityDefinition.kind",0,1,"","ele-1:All FHIR elements must have a @value or children {hasValue() or (children().count() > id.count())}
",".classCode"
"ActivityDefinition.profile","ActivityDefinition.profile","","","",0,1,"","","","canonical {[]} {[CanonicalType[http://hl7.org/fhir/StructureDefinition/StructureDefinition]]}
","What profile the resource needs to conform to","A profile to which the target of the activity definition is expected to conform.","","Allows profiles to be used to describe the types of activities that can be performed within a workflow, protocol, or order set.","","","","","","","",,,,,"",,,,"ActivityDefinition.profile",0,1,"","ele-1:All FHIR elements must have a @value or children {hasValue() or (children().count() > id.count())}
",".templateId"
"ActivityDefinition.code","ActivityDefinition.code","","","",0,1,"","","Y","CodeableConcept {[]} {[]}
","Detail type of activity","Detailed description of the type of activity; e.g. What lab test, what procedure, what kind of encounter.","Tends to be less relevant for activities involving particular products.","Allows matching performed to planned as well as validation against protocols.","","","","","","","",,"example","Detailed type of the activity; e.g. CBC.","http://hl7.org/fhir/ValueSet/procedure-code","",,,,"ActivityDefinition.code",0,1,"","ele-1:All FHIR elements must have a @value or children {hasValue() or (children().count() > id.count())}
",".code"
"ActivityDefinition.intent","ActivityDefinition.intent","","","",0,1,"","","","code {[]} {[]}
","proposal | plan | directive | order | original-order | reflex-order | filler-order | instance-order | option","Indicates the level of authority/intentionality associated with the activity and where the request should fit into the workflow chain.","","","","","","","","","",,"required","Codes indicating the degree of authority/intentionality associated with a request.","http://hl7.org/fhir/ValueSet/request-intent|5.0.0-ballot","",,,,"ActivityDefinition.intent",0,1,"","ele-1:All FHIR elements must have a @value or children {hasValue() or (children().count() > id.count())}
",".moodCode { of the realized Activity }"
"ActivityDefinition.priority","ActivityDefinition.priority","","","",0,1,"","","","code {[]} {[]}
","routine | urgent | asap | stat","Indicates how quickly the activity  should be addressed with respect to other requests.","","","","","","","","","",,"required","Identifies the level of importance to be assigned to actioning the request.","http://hl7.org/fhir/ValueSet/request-priority|5.0.0-ballot","",,,,"ActivityDefinition.priority",0,1,"","ele-1:All FHIR elements must have a @value or children {hasValue() or (children().count() > id.count())}
",".priority { of the realized activity }"
"ActivityDefinition.doNotPerform","ActivityDefinition.doNotPerform","","","",0,1,"","Y","Y","boolean {[]} {[]}
","True if the activity should not be performed","Set this to true if the definition is to indicate that a particular activity should NOT be performed. If true, this element should be interpreted to reinforce a negative coding. For example NPO as a code with a doNotPerform of true would still indicate to NOT perform the action.","This element is not intended to be used to communicate a decision support response to cancel an order in progress. That should be done with the ""remove"" type of a PlanDefinition or RequestOrchestration.","","","","","","","","",,,,,"",,,,"ActivityDefinition.doNotPerform",0,1,"","ele-1:All FHIR elements must have a @value or children {hasValue() or (children().count() > id.count())}
",".negationInd { of the realized activity }"
"ActivityDefinition.timing[x]","ActivityDefinition.timing[x]","","","",0,1,"","","","Timing {[]} {[]}
Age {[]} {[]}Range {[]} {[]}Duration {[]} {[]}","When activity is to occur","The timing or frequency upon which the described activity is to occur.","The intent of the timing element is to provide timing when the action should be performed. As a definitional resource, this timing is interpreted as part of an apply operation so that the timing of the result actions in a CarePlan or RequestOrchestration, for example, would be specified by evaluating the timing definition in the context of the apply and setting the resulting timing on the appropriate elements of the target resource. If the timing is an Age, the activity is expected to be performed when the subject is the given Age. When the timing is a Duration, the activity is expected to be performed within the specified duration from the apply. When the timing is a Range, it may be a range of Ages or Durations, providing a range for the expected timing of the resulting activity. When the timing is a Timing, it is establishing a schedule for the timing of the resulting activity.","Allows prompting for activities and detection of missed planned activities.","","","","","","","",,,,,"",,,,"ActivityDefinition.timing[x]",0,1,"","ele-1:All FHIR elements must have a @value or children {hasValue() or (children().count() > id.count())}
",".effectiveTime"
"ActivityDefinition.asNeeded[x]","ActivityDefinition.asNeeded[x]","","","",0,1,"","","Y","boolean {[]} {[]}
CodeableConcept {[]} {[]}","Preconditions for service","If a CodeableConcept is present, it indicates the pre-condition for performing the service.  For example ""pain"", ""on flare-up"", etc.","","","","","","","","","",,"example","A coded concept identifying the pre-condition that should hold prior to performing a procedure.  For example ""pain"", ""on flare-up"", etc.","http://hl7.org/fhir/ValueSet/medication-as-needed-reason","",,,,"ActivityDefinition.asNeeded[x]",0,1,"","ele-1:All FHIR elements must have a @value or children {hasValue() or (children().count() > id.count())}
","boolean: precondition.negationInd (inversed - so negationInd = true means asNeeded=false CodeableConcept: precondition.observationEventCriterion[code=""Assertion""].value"
"ActivityDefinition.location","ActivityDefinition.location","","facility
","",0,1,"","","","CodeableReference {[]} {[CanonicalType[http://hl7.org/fhir/StructureDefinition/Location]]}
","Where it should happen","Identifies the facility where the activity will occur; e.g. home, hospital, specific clinic, etc.","May reference a specific clinical location or may just identify a type of location.","Helps in planning of activity.","","","","","","","",,,,,"",,,,"ActivityDefinition.location",0,1,"","ele-1:All FHIR elements must have a @value or children {hasValue() or (children().count() > id.count())}
",".participation[typeCode=LOC].role"
"ActivityDefinition.participant","ActivityDefinition.participant","","","",0,*,"","","","BackboneElement {[]} {[]}
","Who should participate in the action","Indicates who should participate in performing the action described.","","","","","","","","","",,,,,"",,,,"ActivityDefinition.participant",0,*,"","ele-1:All FHIR elements must have a @value or children {hasValue() or (children().count() > id.count())}
",".participation[typeCode=PFM]"
"ActivityDefinition.participant.id","ActivityDefinition.participant.id","","","",0,1,"","","","string {[]} {[]}
","Unique id for inter-element referencing","Unique id for the element within a resource (for internal references). This may be any string value that does not contain spaces.","","","","","","","","","",,,,,"",,,,"Element.id",0,1,"","","n/a"
"ActivityDefinition.participant.extension","ActivityDefinition.participant.extension","","extensions
user content","",0,*,"","","","Extension {[]} {[]}
","Additional content defined by implementations","May be used to represent additional information that is not part of the basic definition of the element. To make the use of extensions safe and manageable, there is a strict set of governance  applied to the definition and use of extensions. Though any implementer can define an extension, there is a set of requirements that SHALL be met as part of the definition of the extension.","There can be no stigma associated with the use of extensions by any application, project, or standard - regardless of the institution or jurisdiction that uses or defines the extensions.  The use of extensions is what allows the FHIR specification to retain a core level of simplicity for everyone.","","","","","","","","",,,,,"",,,,"Element.extension",0,*,"","ele-1:All FHIR elements must have a @value or children {hasValue() or (children().count() > id.count())}
ext-1:Must have either extensions or value[x], not both {extension.exists() != value.exists()}","n/a"
"ActivityDefinition.participant.modifierExtension","ActivityDefinition.participant.modifierExtension","","extensions
user contentmodifiers","",0,*,"","Y","Y","Extension {[]} {[]}
","Extensions that cannot be ignored even if unrecognized","May be used to represent additional information that is not part of the basic definition of the element and that modifies the understanding of the element in which it is contained and/or the understanding of the containing element's descendants. Usually modifier elements provide negation or qualification. To make the use of extensions safe and manageable, there is a strict set of governance applied to the definition and use of extensions. Though any implementer can define an extension, there is a set of requirements that SHALL be met as part of the definition of the extension. Applications processing a resource are required to check for modifier extensions.

Modifier extensions SHALL NOT change the meaning of any elements on Resource or DomainResource (including cannot change the meaning of modifierExtension itself).","There can be no stigma associated with the use of extensions by any application, project, or standard - regardless of the institution or jurisdiction that uses or defines the extensions.  The use of extensions is what allows the FHIR specification to retain a core level of simplicity for everyone.","Modifier extensions allow for extensions that *cannot* be safely ignored to be clearly distinguished from the vast majority of extensions which can be safely ignored.  This promotes interoperability by eliminating the need for implementers to prohibit the presence of extensions. For further information, see the [definition of modifier extensions](http://build.fhir.org/extensibility.html#modifierExtension).","","","","","","","",,,,,"",,,,"BackboneElement.modifierExtension",0,*,"","ele-1:All FHIR elements must have a @value or children {hasValue() or (children().count() > id.count())}
ext-1:Must have either extensions or value[x], not both {extension.exists() != value.exists()}","N/A"
"ActivityDefinition.participant.type","ActivityDefinition.participant.type","","","",0,1,"","","","code {[]} {[]}
","careteam | device | group | healthcareservice | location | organization | patient | practitioner | practitionerrole | relatedperson","The type of participant in the action.","","","","","","","","","",,"required","The type of participant in the activity.","http://hl7.org/fhir/ValueSet/action-participant-type|5.0.0-ballot","",,,,"ActivityDefinition.participant.type",0,1,"","ele-1:All FHIR elements must have a @value or children {hasValue() or (children().count() > id.count())}
",".role.classCode"
"ActivityDefinition.participant.typeCanonical","ActivityDefinition.participant.typeCanonical","","","",0,1,"","","","canonical {[]} {[CanonicalType[http://hl7.org/fhir/StructureDefinition/CapabilityStatement]]}
","Who or what can participate","The type of participant in the action.","","","","","","","","","",,,,,"",,,,"ActivityDefinition.participant.typeCanonical",0,1,"","ele-1:All FHIR elements must have a @value or children {hasValue() or (children().count() > id.count())}
",".role.classCode"
"ActivityDefinition.participant.typeReference","ActivityDefinition.participant.typeReference","","","",0,1,"","","","Reference {[]} {[CanonicalType[http://hl7.org/fhir/StructureDefinition/CareTeam], CanonicalType[http://hl7.org/fhir/StructureDefinition/Device], CanonicalType[http://hl7.org/fhir/StructureDefinition/DeviceDefinition], CanonicalType[http://hl7.org/fhir/StructureDefinition/Endpoint], CanonicalType[http://hl7.org/fhir/StructureDefinition/Group], CanonicalType[http://hl7.org/fhir/StructureDefinition/HealthcareService], CanonicalType[http://hl7.org/fhir/StructureDefinition/Location], CanonicalType[http://hl7.org/fhir/StructureDefinition/Organization], CanonicalType[http://hl7.org/fhir/StructureDefinition/Patient], CanonicalType[http://hl7.org/fhir/StructureDefinition/Practitioner], CanonicalType[http://hl7.org/fhir/StructureDefinition/PractitionerRole], CanonicalType[http://hl7.org/fhir/StructureDefinition/RelatedPerson]]}
","Who or what can participate","The type of participant in the action.","When this element is a reference, it SHOULD be a reference to a definitional resource (for example, a location type, rather than a specific location).","","","","","","","","",,,,,"",,,,"ActivityDefinition.participant.typeReference",0,1,"","ele-1:All FHIR elements must have a @value or children {hasValue() or (children().count() > id.count())}
",".role.classCode"
"ActivityDefinition.participant.role","ActivityDefinition.participant.role","","","",0,1,"","","","CodeableConcept {[]} {[]}
","E.g. Nurse, Surgeon, Parent, etc.","The role the participant should play in performing the described action.","","","","","","","","","",,"example","Defines roles played by participants for the action.","http://terminology.hl7.org/ValueSet/action-participant-role","",,,,"ActivityDefinition.participant.role",0,1,"","ele-1:All FHIR elements must have a @value or children {hasValue() or (children().count() > id.count())}
",".role.code"
"ActivityDefinition.participant.function","ActivityDefinition.participant.function","","","",0,1,"","","","CodeableConcept {[]} {[]}
","E.g. Author, Reviewer, Witness, etc.","Indicates how the actor will be involved in the action - author, reviewer, witness, etc.","","","","","","","","","",,"example","","http://hl7.org/fhir/ValueSet/action-participant-function","",,,,"ActivityDefinition.participant.function",0,1,"","ele-1:All FHIR elements must have a @value or children {hasValue() or (children().count() > id.count())}
",".role.code"
"ActivityDefinition.product[x]","ActivityDefinition.product[x]","","","",0,1,"","","","Reference {[]} {[CanonicalType[http://hl7.org/fhir/StructureDefinition/Medication], CanonicalType[http://hl7.org/fhir/StructureDefinition/Substance], CanonicalType[http://hl7.org/fhir/StructureDefinition/Ingredient]]}
CodeableConcept {[]} {[]}","What's administered/supplied","Identifies the food, drug or other product being consumed or supplied in the activity.","","","","","","","","","",,"example","Code describing the type of substance or medication.","http://hl7.org/fhir/ValueSet/medication-codes","",,,,"ActivityDefinition.product[x]",0,1,"","ele-1:All FHIR elements must have a @value or children {hasValue() or (children().count() > id.count())}
",".participation[typeCode=CSM].role"
"ActivityDefinition.quantity","ActivityDefinition.quantity","","dose
","",0,1,"","","","Quantity {[CanonicalType[http://hl7.org/fhir/StructureDefinition/SimpleQuantity]]} {[]}
","How much is administered/consumed/supplied","Identifies the quantity expected to be consumed at once (per dose, per meal, etc.).","","","","","","","","","",,,,,"",,,,"ActivityDefinition.quantity",0,1,"","ele-1:All FHIR elements must have a @value or children {hasValue() or (children().count() > id.count())}
",".quantity {for classCode=SPLY}"
"ActivityDefinition.dosage","ActivityDefinition.dosage","","","",0,*,"","","","Dosage {[]} {[]}
","Detailed dosage instructions","Provides detailed dosage instructions in the same way that they are described for MedicationRequest resources.","If a dosage instruction is used, the definition should not specify timing or quantity.","","","","","","","","",,,,,"",,,,"ActivityDefinition.dosage",0,*,"","ele-1:All FHIR elements must have a @value or children {hasValue() or (children().count() > id.count())}
",".outboundRelationship[typeCode=COMP].target[classCode=SBADM; moodCode=DEFN]"
"ActivityDefinition.bodySite","ActivityDefinition.bodySite","","","",0,*,"","","","CodeableConcept {[]} {[]}
","What part of body to perform on","Indicates the sites on the subject's body where the procedure should be performed (I.e. the target sites).","Only used if not implicit in the code found in ServiceRequest.type.","Knowing where the procedure is made is important for tracking if multiple sites are possible.","","","","","","","",,"example","A code that identifies the anatomical location.","http://hl7.org/fhir/ValueSet/body-site","",,,,"ActivityDefinition.bodySite",0,*,"","ele-1:All FHIR elements must have a @value or children {hasValue() or (children().count() > id.count())}
",".targetSiteCode {for classCode=PROC, SBADM}"
"ActivityDefinition.specimenRequirement","ActivityDefinition.specimenRequirement","","","",0,*,"","","","canonical {[]} {[CanonicalType[http://hl7.org/fhir/StructureDefinition/SpecimenDefinition]]}
","What specimens are required to perform this action","Defines specimen requirements for the action to be performed, such as required specimens for a lab test.","","Needed to represent lab order definitions.","","","","","","","",,,,,"",,,,"ActivityDefinition.specimenRequirement",0,*,"","ele-1:All FHIR elements must have a @value or children {hasValue() or (children().count() > id.count())}
","N/A"
"ActivityDefinition.observationRequirement","ActivityDefinition.observationRequirement","","","",0,*,"","","","canonical {[]} {[CanonicalType[http://hl7.org/fhir/StructureDefinition/ObservationDefinition]]}
","What observations are required to perform this action","Defines observation requirements for the action to be performed, such as body weight or surface area.","","Needed to represent observation definitions.","","","","","","","",,,,,"",,,,"ActivityDefinition.observationRequirement",0,*,"","ele-1:All FHIR elements must have a @value or children {hasValue() or (children().count() > id.count())}
","N/A"
"ActivityDefinition.observationResultRequirement","ActivityDefinition.observationResultRequirement","","","",0,*,"","","","canonical {[]} {[CanonicalType[http://hl7.org/fhir/StructureDefinition/ObservationDefinition]]}
","What observations must be produced by this action","Defines the observations that are expected to be produced by the action.","","","","","","","","","",,,,,"",,,,"ActivityDefinition.observationResultRequirement",0,*,"","ele-1:All FHIR elements must have a @value or children {hasValue() or (children().count() > id.count())}
","N/A"
"ActivityDefinition.transform","ActivityDefinition.transform","","","",0,1,"","","","canonical {[]} {[CanonicalType[http://hl7.org/fhir/StructureDefinition/StructureMap]]}
","Transform to apply the template","A reference to a StructureMap resource that defines a transform that can be executed to produce the intent resource using the ActivityDefinition instance as the input.","Note that if both a transform and dynamic values are specified, the dynamic values will be applied to the result of the transform.","","","","","","","","",,,,,"",,,,"ActivityDefinition.transform",0,1,"","ele-1:All FHIR elements must have a @value or children {hasValue() or (children().count() > id.count())}
","N/A"
"ActivityDefinition.dynamicValue","ActivityDefinition.dynamicValue","","","",0,*,"","","","BackboneElement {[]} {[]}
","Dynamic aspects of the definition","Dynamic values that will be evaluated to produce values for elements of the resulting resource. For example, if the dosage of a medication must be computed based on the patient's weight, a dynamic value would be used to specify an expression that calculated the weight, and the path on the request resource that would contain the result.","Dynamic values are applied in the order in which they are defined in the ActivityDefinition. Note that if both a transform and dynamic values are specified, the dynamic values will be applied to the result of the transform.","","","","","","","","",,,,,"",,,,"ActivityDefinition.dynamicValue",0,*,"","ele-1:All FHIR elements must have a @value or children {hasValue() or (children().count() > id.count())}
","N/A"
"ActivityDefinition.dynamicValue.id","ActivityDefinition.dynamicValue.id","","","",0,1,"","","","string {[]} {[]}
","Unique id for inter-element referencing","Unique id for the element within a resource (for internal references). This may be any string value that does not contain spaces.","","","","","","","","","",,,,,"",,,,"Element.id",0,1,"","","n/a"
"ActivityDefinition.dynamicValue.extension","ActivityDefinition.dynamicValue.extension","","extensions
user content","",0,*,"","","","Extension {[]} {[]}
","Additional content defined by implementations","May be used to represent additional information that is not part of the basic definition of the element. To make the use of extensions safe and manageable, there is a strict set of governance  applied to the definition and use of extensions. Though any implementer can define an extension, there is a set of requirements that SHALL be met as part of the definition of the extension.","There can be no stigma associated with the use of extensions by any application, project, or standard - regardless of the institution or jurisdiction that uses or defines the extensions.  The use of extensions is what allows the FHIR specification to retain a core level of simplicity for everyone.","","","","","","","","",,,,,"",,,,"Element.extension",0,*,"","ele-1:All FHIR elements must have a @value or children {hasValue() or (children().count() > id.count())}
ext-1:Must have either extensions or value[x], not both {extension.exists() != value.exists()}","n/a"
"ActivityDefinition.dynamicValue.modifierExtension","ActivityDefinition.dynamicValue.modifierExtension","","extensions
user contentmodifiers","",0,*,"","Y","Y","Extension {[]} {[]}
","Extensions that cannot be ignored even if unrecognized","May be used to represent additional information that is not part of the basic definition of the element and that modifies the understanding of the element in which it is contained and/or the understanding of the containing element's descendants. Usually modifier elements provide negation or qualification. To make the use of extensions safe and manageable, there is a strict set of governance applied to the definition and use of extensions. Though any implementer can define an extension, there is a set of requirements that SHALL be met as part of the definition of the extension. Applications processing a resource are required to check for modifier extensions.

Modifier extensions SHALL NOT change the meaning of any elements on Resource or DomainResource (including cannot change the meaning of modifierExtension itself).","There can be no stigma associated with the use of extensions by any application, project, or standard - regardless of the institution or jurisdiction that uses or defines the extensions.  The use of extensions is what allows the FHIR specification to retain a core level of simplicity for everyone.","Modifier extensions allow for extensions that *cannot* be safely ignored to be clearly distinguished from the vast majority of extensions which can be safely ignored.  This promotes interoperability by eliminating the need for implementers to prohibit the presence of extensions. For further information, see the [definition of modifier extensions](http://build.fhir.org/extensibility.html#modifierExtension).","","","","","","","",,,,,"",,,,"BackboneElement.modifierExtension",0,*,"","ele-1:All FHIR elements must have a @value or children {hasValue() or (children().count() > id.count())}
ext-1:Must have either extensions or value[x], not both {extension.exists() != value.exists()}","N/A"
"ActivityDefinition.dynamicValue.path","ActivityDefinition.dynamicValue.path","","","",1,1,"","","","string {[]} {[]}
","The path to the element to be set dynamically","The path to the element to be customized. This is the path on the resource that will hold the result of the calculation defined by the expression. The specified path SHALL be a FHIRPath resolveable on the specified target type of the ActivityDefinition, and SHALL consist only of identifiers, constant indexers, and a restricted subset of functions. The path is allowed to contain qualifiers (.) to traverse sub-elements, as well as indexers ([x]) to traverse multiple-cardinality sub-elements (see the [Simple FHIRPath Profile](http://build.fhir.org/fhirpath.html#simple) for full details).","The path attribute contains a [Simple FHIRPath Subset](http://build.fhir.org/fhirpath.html#simple) that allows path traversal, but not calculation.","","","","","","","","",,,,,"",,,,"ActivityDefinition.dynamicValue.path",1,1,"","ele-1:All FHIR elements must have a @value or children {hasValue() or (children().count() > id.count())}
","N/A"
"ActivityDefinition.dynamicValue.expression","ActivityDefinition.dynamicValue.expression","","","",1,1,"","","","Expression {[]} {[]}
","An expression that provides the dynamic value for the customization","An expression specifying the value of the customized element.","The expression may be inlined, or may be a reference to a named expression within a logic library referenced by the library element.","","","","","","","","",,,,,"",,,,"ActivityDefinition.dynamicValue.expression",1,1,"","ele-1:All FHIR elements must have a @value or children {hasValue() or (children().count() > id.count())}
","N/A"
