{"resourceType":"ActivityDefinition","id":"c936f630-d853-4933-b743-ae16e1f07820-FHIR2","meta":{"extension":[{"url":"http://hl7.org/fhir/StructureDefinition/firstCreated","valueInstant":"2022-01-01T10:08:10Z"}],"lastUpdated":"2022-01-01T10:08:10Z","profile":["https://github.com/alpivonka/FHIR-Base-Clinical-Examples/StructureDefinition/soa-activity"]},"url":"https://github.com/alpivonka/FHIR-Base-Clinical-Examples/ActivityDefinition/c936f630-d853-4933-b743-ae16e1f07820-FHIR2","identifier":[{"use":"secondary","type":{"coding":[{"code":"partOf"},{"code":"ResearchStudy"}]},"system":"ResearchStudy/ResearchStudy-1-002"}],"version":"1.0.0","name":"ActivityOID-ActivityStudyPeriod","status":"active","date":"2022-11-28T18:44:54+00:00","publisher":"ClinicalTrialExample"}