{"resourceType":"ActivityDefinition","id":"343f3656-9ddd-4e10-996f-dba5a64650f2-FHIR2","meta":{"extension":[{"url":"http://hl7.org/fhir/StructureDefinition/firstCreated","valueInstant":"2022-01-01T10:08:10Z"}],"lastUpdated":"2022-01-01T10:08:10Z","profile":["https://github.com/alpivonka/FHIR-Base-Clinical-Examples/StructureDefinition/so-aactivity"]},"extension":[{"url":"https://github.com/alpivonka/FHIR-Base-Clinical-Examples/StructureDefinition/study","valueReference":{"reference":"ResearchStudy/ResearchStudy-1-002"}}],"url":"https://github.com/alpivonka/FHIR-Base-Clinical-Examples/ActivityDefinition/343f3656-9ddd-4e10-996f-dba5a64650f2-FHIR2","version":"1.0.0","name":"ActivityOID-ActivityEligibility","status":"active","date":"2022-11-16T15:32:30+00:00","publisher":"ClinicalTrialExample"}