{"resourceType":"ActivityDefinition","id":"f53a0dfe-9a2e-41f0-8378-d102629473a3-FHIR2","meta":{"extension":[{"url":"http://hl7.org/fhir/StructureDefinition/firstCreated","valueInstant":"2022-01-01T10:08:10Z"}],"lastUpdated":"2022-01-01T10:08:10Z","profile":["https://github.com/alpivonka/FHIR-Base-Clinical-Examples/StructureDefinition/soa-activity"]},"url":"https://github.com/alpivonka/FHIR-Base-Clinical-Examples/ActivityDefinition/f53a0dfe-9a2e-41f0-8378-d102629473a3-FHIR2","identifier":[{"use":"secondary","type":{"coding":[{"code":"partOf"},{"code":"ResearchStudy"}]},"system":"ResearchStudy/ResearchStudy-1-002"}],"version":"1.0.0","name":"ActivityOID-ActivityScreening","status":"active","date":"2022-11-29T19:32:41+00:00","publisher":"ClinicalTrialExample"}