{"resourceType":"ActivityDefinition","id":"9cb4666f-4516-4562-8f93-fd407e42ab6f-FHIR2-ActivityCollectCosen","meta":{"extension":[{"url":"http://hl7.org/fhir/StructureDefinition/firstCreated","valueInstant":"2022-01-01T10:08:10Z"}],"lastUpdated":"2022-01-01T10:08:10Z","profile":["https://github.com/alpivonka/FHIR-Base-Clinical-Examples/StructureDefinition/soa-activity"]},"extension":[{"url":"https://github.com/alpivonka/FHIR-Base-Clinical-Examples/StructureDefinition/study","valueReference":{"reference":"ResearchStudy/ResearchStudy-1-002"}}],"url":"https://github.com/alpivonka/FHIR-Base-Clinical-Examples/ActivityDefinition/9cb4666f-4516-4562-8f93-fd407e42ab6f-FHIR2-ActivityCollectCosen","version":"1.0.0","name":"ActivityOID-CollectCosent","status":"active","date":"2022-11-21T15:58:19+00:00","publisher":"ClinicalTrialExample"}