{"resourceType":"ImplementationGuide","id":"ClinicalTrialExample","text":{"status":"extensions","div":"<div xmlns=\"http://www.w3.org/1999/xhtml\"><h2>ClinicalTrialExampleIG</h2><p>The official URL for this implementation guide is: </p><pre>https://github.com/alpivonka/FHIR-Base-Clinical-Examples/ImplementationGuide/ClinicalTrialExample</pre><div><p>Example IG exercises many of the fields in a SUSHI configuration.</p>\n</div></div>"},"url":"https://github.com/alpivonka/FHIR-Base-Clinical-Examples/ImplementationGuide/ClinicalTrialExample","version":"1.0.0","name":"ClinicalTrialExampleIG","title":"HL7 FHIR Implementation Guide: Example IG Release 1 - US Realm | STU1","status":"active","date":"2020-02-26","publisher":"ClinicalTrialExample","description":"Example IG exercises many of the fields in a SUSHI configuration.","packageId":"ClinicalTrialExample","license":"CC0-1.0","fhirVersion":["5.0.0-ballot"],"dependsOn":[{"id":"hl7tx","extension":[{"url":"http://hl7.org/fhir/tools/StructureDefinition/implementationguide-dependency-comment","valueMarkdown":"Automatically added as a dependency - all IGs depend on HL7 Terminology"}],"uri":"http://terminology.hl7.org/ImplementationGuide/hl7.terminology","packageId":"hl7.terminology.r5","version":"5.0.0"}],"definition":{"grouping":[{"id":"-str-profile","name":"Structures: Resource Profiles","description":"These define constraints on FHIR resources for systems conforming to this implementation guide"},{"id":"-str-extension","name":"Structures: Extension Definitions","description":"These define constraints on FHIR data types for systems conforming to this implementation guide"},{"id":"-term-codesystem","name":"Terminology: Code Systems","description":"These define new code systems used by systems conforming to this implementation guide"},{"id":"-ex-example","name":"Example: Example Instances","description":"These are example instances that show what data produced and consumed by systems conforming with this implementation guide might look like"}],"resource":[{"extension":[{"url":"http://hl7.org/fhir/StructureDefinition/implementationguide-page","valueUri":"StructureDefinition-arm-group-profile.html"}],"reference":{"reference":"StructureDefinition/arm-group-profile"},"name":"ARM Group","description":"ARM SPECIFIC extentions","isExample":false,"groupingId":"-str-profile"},{"extension":[{"url":"http://hl7.org/fhir/StructureDefinition/implementationguide-page","valueUri":"StructureDefinition-defined-activities.html"}],"reference":{"reference":"StructureDefinition/defined-activities"},"name":"Profile: Defined Activities","description":"Defined Activities PlanDefinition","isExample":false,"groupingId":"-str-profile"},{"extension":[{"url":"http://hl7.org/fhir/StructureDefinition/implementationguide-page","valueUri":"StructureDefinition-epoch-definition.html"}],"reference":{"reference":"StructureDefinition/epoch-definition"},"name":"Epoch Definition","description":"Definition of Epochs associated to a Study","isExample":false,"groupingId":"-str-profile"},{"extension":[{"url":"http://hl7.org/fhir/StructureDefinition/implementationguide-page","valueUri":"StructureDefinition-research-study-epoch.html"}],"reference":{"reference":"StructureDefinition/research-study-epoch"},"name":"Research Study with Epoch","description":" Research study with defined Epochs","isExample":false,"groupingId":"-str-profile"},{"extension":[{"url":"http://hl7.org/fhir/StructureDefinition/implementationguide-page","valueUri":"StructureDefinition-soa-activity.html"}],"reference":{"reference":"StructureDefinition/soa-activity"},"name":"SoA Activity","description":"SoA Activity","isExample":false,"groupingId":"-str-profile"},{"extension":[{"url":"http://hl7.org/fhir/StructureDefinition/implementationguide-page","valueUri":"StructureDefinition-soa-definition.html"}],"reference":{"reference":"StructureDefinition/soa-definition"},"name":"Profile: SoA Definition","description":"SoA Definition","isExample":false,"groupingId":"-str-profile"},{"extension":[{"url":"http://hl7.org/fhir/StructureDefinition/implementationguide-page","valueUri":"StructureDefinition-soa-plan-definition.html"}],"reference":{"reference":"StructureDefinition/soa-plan-definition"},"name":"Profile: SoA Plan Definition","description":"SoA PlanDefinition","isExample":false,"groupingId":"-str-profile"},{"extension":[{"url":"http://hl7.org/fhir/StructureDefinition/implementationguide-page","valueUri":"StructureDefinition-soa-questionnaire.html"}],"reference":{"reference":"StructureDefinition/soa-questionnaire"},"name":"SoA Questionnaire","description":"SoA Questionnaire","isExample":false,"groupingId":"-str-profile"},{"extension":[{"url":"http://hl7.org/fhir/StructureDefinition/implementationguide-page","valueUri":"StructureDefinition-segment-plan-definition.html"}],"reference":{"reference":"StructureDefinition/segment-plan-definition"},"name":"Profile: SoA Segment Plan Definition","description":"SoA SegmentPlanDefinition","isExample":false,"groupingId":"-str-profile"},{"extension":[{"url":"http://hl7.org/fhir/StructureDefinition/implementationguide-page","valueUri":"StructureDefinition-soa-visit-definition.html"}],"reference":{"reference":"StructureDefinition/soa-visit-definition"},"name":"Profile: SoA Visit Definition","description":"SoA Visit Definition","isExample":false,"groupingId":"-str-profile"},{"extension":[{"url":"http://hl7.org/fhir/StructureDefinition/implementationguide-page","valueUri":"StructureDefinition-the-research-subject.html"}],"reference":{"reference":"StructureDefinition/the-research-subject"},"name":"ResearchSubject","description":"ResearchSubject","isExample":false,"groupingId":"-str-profile"},{"extension":[{"url":"http://hl7.org/fhir/StructureDefinition/implementationguide-page","valueUri":"StructureDefinition-arm-group-att-ext.html"}],"reference":{"reference":"StructureDefinition/arm-group-att-ext"},"name":"ARMGroup","description":"ARM Group attribute extensions","isExample":false,"groupingId":"-str-extension"},{"extension":[{"url":"http://hl7.org/fhir/StructureDefinition/implementationguide-page","valueUri":"StructureDefinition-AcceptableOffsetRangeSoa.html"}],"reference":{"reference":"StructureDefinition/AcceptableOffsetRangeSoa"},"name":"Extension: Acceptable Offset Range","description":"Provides an offset range that, along with offsetDuration, indicates an acceptable range of dates for a related action.","isExample":false,"groupingId":"-str-extension"},{"extension":[{"url":"http://hl7.org/fhir/StructureDefinition/implementationguide-page","valueUri":"StructureDefinition-arm-group-ext.html"}],"reference":{"reference":"StructureDefinition/arm-group-ext"},"name":"Arm Group","description":"Arm Group","isExample":false,"groupingId":"-str-extension"},{"extension":[{"url":"http://hl7.org/fhir/StructureDefinition/implementationguide-page","valueUri":"StructureDefinition-cohort-group-ext.html"}],"reference":{"reference":"StructureDefinition/cohort-group-ext"},"name":"Cohort Group","description":"Cohort Group","isExample":false,"groupingId":"-str-extension"},{"extension":[{"url":"http://hl7.org/fhir/StructureDefinition/implementationguide-page","valueUri":"StructureDefinition-epoch-definition-reference.html"}],"reference":{"reference":"StructureDefinition/epoch-definition-reference"},"name":"Epoch Definition","description":"The Epoch definition","isExample":false,"groupingId":"-str-extension"},{"extension":[{"url":"http://hl7.org/fhir/StructureDefinition/implementationguide-page","valueUri":"StructureDefinition-epoch-id.html"}],"reference":{"reference":"StructureDefinition/epoch-id"},"name":"Epoch Link Id","description":"Stores the Epoch Link Id URL to the defintion or reference. ","isExample":false,"groupingId":"-str-extension"},{"extension":[{"url":"http://hl7.org/fhir/StructureDefinition/implementationguide-page","valueUri":"StructureDefinition-group-references.html"}],"reference":{"reference":"StructureDefinition/group-references"},"name":"Group References","description":"Contains the Subjects group references.","isExample":false,"groupingId":"-str-extension"},{"extension":[{"url":"http://hl7.org/fhir/StructureDefinition/implementationguide-page","valueUri":"StructureDefinition-soa-reference.html"}],"reference":{"reference":"StructureDefinition/soa-reference"},"name":"SoAReference","description":"SoAReference","isExample":false,"groupingId":"-str-extension"},{"extension":[{"url":"http://hl7.org/fhir/StructureDefinition/implementationguide-page","valueUri":"StructureDefinition-study.html"}],"reference":{"reference":"StructureDefinition/study"},"name":"Part Of Research Study","description":"child to parent reference/association","isExample":false,"groupingId":"-str-extension"},{"extension":[{"url":"http://hl7.org/fhir/StructureDefinition/implementationguide-page","valueUri":"StructureDefinition--visit-range.html"}],"reference":{"reference":"StructureDefinition/-visit-range"},"name":"Visit Range","description":"Range of Visits","isExample":false,"groupingId":"-str-extension"},{"extension":[{"url":"http://hl7.org/fhir/StructureDefinition/implementationguide-page","valueUri":"StructureDefinition-part-of.html"}],"reference":{"reference":"StructureDefinition/part-of"},"name":"part Of","description":"References the resource inwhich this resource is part of, associated to, etc.","isExample":false,"groupingId":"-str-extension"},{"extension":[{"url":"http://hl7.org/fhir/StructureDefinition/implementationguide-page","valueUri":"CodeSystem-plan-definition-cs.html"}],"reference":{"reference":"CodeSystem/plan-definition-cs"},"name":"CodeSystem: Plan Definition CS","description":"Plan Definition CS","isExample":false,"groupingId":"-term-codesystem"},{"extension":[{"url":"http://hl7.org/fhir/StructureDefinition/implementationguide-page","valueUri":"CodeSystem-questionnare-code-cs.html"}],"reference":{"reference":"CodeSystem/questionnare-code-cs"},"name":"CodeSystem: Questionnare Code Cs","description":"specific Codes for Questionnaire","isExample":false,"groupingId":"-term-codesystem"},{"extension":[{"url":"http://hl7.org/fhir/StructureDefinition/implementationguide-page","valueUri":"CodeSystem-soa-action-cs.html"}],"reference":{"reference":"CodeSystem/soa-action-cs"},"name":"CodeSystem: SoAAction CS","description":"SoAAction CS","isExample":false,"groupingId":"-term-codesystem"},{"extension":[{"url":"http://hl7.org/fhir/StructureDefinition/implementationguide-page","valueUri":"ActivityDefinition-343f3656-9ddd-4e10-996f-dba5a64650f2-FHIR2.html"}],"reference":{"reference":"ActivityDefinition/343f3656-9ddd-4e10-996f-dba5a64650f2-FHIR2"},"name":"Example-SoA: ActivityEligibility-Visit-V3--FHIR2","description":"ActivityEligibility-Visit-V3--FHIR2","profile":["https://github.com/alpivonka/FHIR-Base-Clinical-Examples/StructureDefinition/soa-activity"],"groupingId":"-ex-example"},{"extension":[{"url":"http://hl7.org/fhir/StructureDefinition/implementationguide-page","valueUri":"ActivityDefinition-9cb4666f-4516-4562-8f93-fd407e42ab6f-FHIR2-ActivityCollectCosen.html"}],"reference":{"reference":"ActivityDefinition/9cb4666f-4516-4562-8f93-fd407e42ab6f-FHIR2-ActivityCollectCosen"},"name":"Example-SoA: ActivityCollectCosen-Visit-V1--FHIR2","description":"ActivityCollectCosen-Visit-V1--FHIR2","profile":["https://github.com/alpivonka/FHIR-Base-Clinical-Examples/StructureDefinition/soa-activity"],"groupingId":"-ex-example"},{"extension":[{"url":"http://hl7.org/fhir/StructureDefinition/implementationguide-page","valueUri":"Group-ARMGroupMonkeyLegs-uuid22s.html"}],"reference":{"reference":"Group/ARMGroupMonkeyLegs-uuid22s"},"name":"Example ARMGroup","description":"Example ARMGroup","profile":["https://github.com/alpivonka/FHIR-Base-Clinical-Examples/StructureDefinition/arm-group-profile"],"groupingId":"-ex-example"},{"extension":[{"url":"http://hl7.org/fhir/StructureDefinition/implementationguide-page","valueUri":"Group-ARMMonkeyFeet-internal-uuid2s.html"}],"reference":{"reference":"Group/ARMMonkeyFeet-internal-uuid2s"},"name":"Example ARMGroup","description":"Example ARMGroup","profile":["https://github.com/alpivonka/FHIR-Base-Clinical-Examples/StructureDefinition/arm-group-profile"],"groupingId":"-ex-example"},{"extension":[{"url":"http://hl7.org/fhir/StructureDefinition/implementationguide-page","valueUri":"Group-Cohort2GroupUnder50-ososi.html"}],"reference":{"reference":"Group/Cohort2GroupUnder50-ososi"},"name":"Example CohortGroup","description":"Example CohortGroup","isExample":true,"groupingId":"-ex-example"},{"extension":[{"url":"http://hl7.org/fhir/StructureDefinition/implementationguide-page","valueUri":"Group-CohortGroupOver50-ss9s9s9.html"}],"reference":{"reference":"Group/CohortGroupOver50-ss9s9s9"},"name":"Example CohortGroup","description":"Example CohortGroup","isExample":true,"groupingId":"-ex-example"},{"extension":[{"url":"http://hl7.org/fhir/StructureDefinition/implementationguide-page","valueUri":"Group-CohortGroupUnder25.html"}],"reference":{"reference":"Group/CohortGroupUnder25"},"name":"Example CohortGroup","description":"Example CohortGroup","isExample":true,"groupingId":"-ex-example"},{"extension":[{"url":"http://hl7.org/fhir/StructureDefinition/implementationguide-page","valueUri":"PlanDefinition-DefinedActivities-001.html"}],"reference":{"reference":"PlanDefinition/DefinedActivities-001"},"name":"Defined Activities","description":" Example of use of actions to define a list of defined activities for a given study","profile":["https://github.com/alpivonka/FHIR-Base-Clinical-Examples/StructureDefinition/defined-activities"],"groupingId":"-ex-example"},{"extension":[{"url":"http://hl7.org/fhir/StructureDefinition/implementationguide-page","valueUri":"PlanDefinition-EPCH-DEF-0002-2.html"}],"reference":{"reference":"PlanDefinition/EPCH-DEF-0002-2"},"name":"Epoch-Plan Def","description":"epoch list","profile":["https://github.com/alpivonka/FHIR-Base-Clinical-Examples/StructureDefinition/epoch-definition"],"groupingId":"-ex-example"},{"extension":[{"url":"http://hl7.org/fhir/StructureDefinition/implementationguide-page","valueUri":"PlanDefinition-NEW-SOA-UUID-FHIR2.html"}],"reference":{"reference":"PlanDefinition/NEW-SOA-UUID-FHIR2"},"name":"Example-SoA: SoADefinition-FHIR2","description":"SoADefinition-FHIR2 ","profile":["https://github.com/alpivonka/FHIR-Base-Clinical-Examples/StructureDefinition/soa-definition"],"groupingId":"-ex-example"},{"extension":[{"url":"http://hl7.org/fhir/StructureDefinition/implementationguide-page","valueUri":"Patient-Patient-1-001.html"}],"reference":{"reference":"Patient/Patient-1-001"},"name":"Example ThePatient","description":"Example ThePatient","isExample":true,"groupingId":"-ex-example"},{"extension":[{"url":"http://hl7.org/fhir/StructureDefinition/implementationguide-page","valueUri":"ResearchStudy-ResearchStudy-1-002.html"}],"reference":{"reference":"ResearchStudy/ResearchStudy-1-002"},"name":"Example ResearchStudy","description":"Example ResearchStudy","profile":["https://github.com/alpivonka/FHIR-Base-Clinical-Examples/StructureDefinition/research-study-epoch"],"groupingId":"-ex-example"},{"extension":[{"url":"http://hl7.org/fhir/StructureDefinition/implementationguide-page","valueUri":"ResearchSubject-ResearchSubject-1.html"}],"reference":{"reference":"ResearchSubject/ResearchSubject-1"},"name":"Example ResearchSubject Cohort/ARM","description":"Example ResearchSubject Cohort/ARM","profile":["https://github.com/alpivonka/FHIR-Base-Clinical-Examples/StructureDefinition/the-research-subject"],"groupingId":"-ex-example"},{"extension":[{"url":"http://hl7.org/fhir/StructureDefinition/implementationguide-page","valueUri":"PlanDefinition-Visit-V1-9cb4666f-4516-4562-8f93-fd407e42ab6f-FHIR2.html"}],"reference":{"reference":"PlanDefinition/Visit-V1-9cb4666f-4516-4562-8f93-fd407e42ab6f-FHIR2"},"name":"Example-SoA: SoAVisitDefinition-Visit-V1-FHIR2","description":"SoAVisitDefinition-Visit-V1-FHIR2","profile":["https://github.com/alpivonka/FHIR-Base-Clinical-Examples/StructureDefinition/soa-visit-definition"],"groupingId":"-ex-example"},{"extension":[{"url":"http://hl7.org/fhir/StructureDefinition/implementationguide-page","valueUri":"PlanDefinition-Visit-V2-f53a0dfe-9a2e-41f0-8378-d102629473a3-FHIR2.html"}],"reference":{"reference":"PlanDefinition/Visit-V2-f53a0dfe-9a2e-41f0-8378-d102629473a3-FHIR2"},"name":"Example-SoA: SoAVisitDefinition-Visit-V2-FHIR2","description":"SoAVisitDefinition-Visit-V2-FHIR2","profile":["https://github.com/alpivonka/FHIR-Base-Clinical-Examples/StructureDefinition/soa-visit-definition"],"groupingId":"-ex-example"},{"extension":[{"url":"http://hl7.org/fhir/StructureDefinition/implementationguide-page","valueUri":"PlanDefinition-Visit-V3-343f3656-9ddd-4e10-996f-dba5a64650f2-FHIR2.html"}],"reference":{"reference":"PlanDefinition/Visit-V3-343f3656-9ddd-4e10-996f-dba5a64650f2-FHIR2"},"name":"Example-SoA: SoAVisitDefinition-Visit-V3-FHIR2","description":"SoAVisitDefinition-Visit-V3-FHIR2","profile":["https://github.com/alpivonka/FHIR-Base-Clinical-Examples/StructureDefinition/soa-visit-definition"],"groupingId":"-ex-example"},{"extension":[{"url":"http://hl7.org/fhir/StructureDefinition/implementationguide-page","valueUri":"PlanDefinition-Visit-V4-c936f630-d853-4933-b743-ae16e1f07820-FHIR2.html"}],"reference":{"reference":"PlanDefinition/Visit-V4-c936f630-d853-4933-b743-ae16e1f07820-FHIR2"},"name":"Example-SoA: SoAVisitDefinition-Visit-V4-FHIR2","description":"SoAVisitDefinition-Visit-V4-FHIR2","profile":["https://github.com/alpivonka/FHIR-Base-Clinical-Examples/StructureDefinition/soa-visit-definition"],"groupingId":"-ex-example"},{"extension":[{"url":"http://hl7.org/fhir/StructureDefinition/implementationguide-page","valueUri":"ActivityDefinition-c936f630-d853-4933-b743-ae16e1f07820-FHIR2.html"}],"reference":{"reference":"ActivityDefinition/c936f630-d853-4933-b743-ae16e1f07820-FHIR2"},"name":"Example-SoA: ActivityStudyPeriod-Visit-V4--FHIR2","description":"ActivityStudyPeriod-Visit-V4--FHIR2","profile":["https://github.com/alpivonka/FHIR-Base-Clinical-Examples/StructureDefinition/soa-activity"],"groupingId":"-ex-example"},{"extension":[{"url":"http://hl7.org/fhir/StructureDefinition/implementationguide-page","valueUri":"ActivityDefinition-f53a0dfe-9a2e-41f0-8378-d102629473a3-FHIR2.html"}],"reference":{"reference":"ActivityDefinition/f53a0dfe-9a2e-41f0-8378-d102629473a3-FHIR2"},"name":"Example-SoA: ActivityScreening-Visit-V2--FHIR2","description":"ActivityScreening-Visit-V2--FHIR2","profile":["https://github.com/alpivonka/FHIR-Base-Clinical-Examples/StructureDefinition/soa-activity"],"groupingId":"-ex-example"}],"page":{"sourceUrl":"toc.html","name":"toc.html","title":"Table of Contents","generation":"html","page":[{"sourceUrl":"index.html","name":"index.html","title":"Home","generation":"html"},{"sourceUrl":"changes.html","name":"changes.html","title":"Changes","generation":"html"},{"sourceUrl":"Defined-Activities-Global.html","name":"Defined-Activities-Global.html","title":"Defined Activities Global","generation":"markdown"},{"sourceUrl":"ResearchStudy-Epoch-Definition.html","name":"ResearchStudy-Epoch-Definition.html","title":"Research Study Epoch Definition","generation":"markdown"},{"sourceUrl":"SoA-Activity-Epoch-Reference.html","name":"SoA-Activity-Epoch-Reference.html","title":"So A Activity Epoch Reference","generation":"markdown"},{"sourceUrl":"artifacts.html","name":"artifacts.html","title":"Artifacts Summary","generation":"html","page":[{"sourceUrl":"StructureDefinition-arm-group-profile.html","name":"StructureDefinition-arm-group-profile.html","title":"ARM Group","generation":"generated"},{"sourceUrl":"StructureDefinition-defined-activities.html","name":"StructureDefinition-defined-activities.html","title":"Profile: Defined Activities","generation":"generated"},{"sourceUrl":"StructureDefinition-epoch-definition.html","name":"StructureDefinition-epoch-definition.html","title":"Epoch Definition","generation":"generated"},{"sourceUrl":"StructureDefinition-research-study-epoch.html","name":"StructureDefinition-research-study-epoch.html","title":"Research Study with Epoch","generation":"generated"},{"sourceUrl":"StructureDefinition-soa-activity.html","name":"StructureDefinition-soa-activity.html","title":"SoA Activity","generation":"generated"},{"sourceUrl":"StructureDefinition-soa-definition.html","name":"StructureDefinition-soa-definition.html","title":"Profile: SoA Definition","generation":"generated"},{"sourceUrl":"StructureDefinition-soa-plan-definition.html","name":"StructureDefinition-soa-plan-definition.html","title":"Profile: SoA Plan Definition","generation":"generated"},{"sourceUrl":"StructureDefinition-soa-questionnaire.html","name":"StructureDefinition-soa-questionnaire.html","title":"SoA Questionnaire","generation":"generated"},{"sourceUrl":"StructureDefinition-segment-plan-definition.html","name":"StructureDefinition-segment-plan-definition.html","title":"Profile: SoA Segment Plan Definition","generation":"generated"},{"sourceUrl":"StructureDefinition-soa-visit-definition.html","name":"StructureDefinition-soa-visit-definition.html","title":"Profile: SoA Visit Definition","generation":"generated"},{"sourceUrl":"StructureDefinition-the-research-subject.html","name":"StructureDefinition-the-research-subject.html","title":"ResearchSubject","generation":"generated"},{"sourceUrl":"StructureDefinition-arm-group-att-ext.html","name":"StructureDefinition-arm-group-att-ext.html","title":"ARMGroup","generation":"generated"},{"sourceUrl":"StructureDefinition-AcceptableOffsetRangeSoa.html","name":"StructureDefinition-AcceptableOffsetRangeSoa.html","title":"Extension: Acceptable Offset Range","generation":"generated"},{"sourceUrl":"StructureDefinition-arm-group-ext.html","name":"StructureDefinition-arm-group-ext.html","title":"Arm Group","generation":"generated"},{"sourceUrl":"StructureDefinition-cohort-group-ext.html","name":"StructureDefinition-cohort-group-ext.html","title":"Cohort Group","generation":"generated"},{"sourceUrl":"StructureDefinition-epoch-definition-reference.html","name":"StructureDefinition-epoch-definition-reference.html","title":"Epoch Definition","generation":"generated"},{"sourceUrl":"StructureDefinition-epoch-id.html","name":"StructureDefinition-epoch-id.html","title":"Epoch Link Id","generation":"generated"},{"sourceUrl":"StructureDefinition-group-references.html","name":"StructureDefinition-group-references.html","title":"Group References","generation":"generated"},{"sourceUrl":"StructureDefinition-soa-reference.html","name":"StructureDefinition-soa-reference.html","title":"SoAReference","generation":"generated"},{"sourceUrl":"StructureDefinition-study.html","name":"StructureDefinition-study.html","title":"Part Of Research Study","generation":"generated"},{"sourceUrl":"StructureDefinition--visit-range.html","name":"StructureDefinition--visit-range.html","title":"Visit Range","generation":"generated"},{"sourceUrl":"StructureDefinition-part-of.html","name":"StructureDefinition-part-of.html","title":"part Of","generation":"generated"},{"sourceUrl":"CodeSystem-plan-definition-cs.html","name":"CodeSystem-plan-definition-cs.html","title":"CodeSystem: Plan Definition CS","generation":"generated"},{"sourceUrl":"CodeSystem-questionnare-code-cs.html","name":"CodeSystem-questionnare-code-cs.html","title":"CodeSystem: Questionnare Code Cs","generation":"generated"},{"sourceUrl":"CodeSystem-soa-action-cs.html","name":"CodeSystem-soa-action-cs.html","title":"CodeSystem: SoAAction CS","generation":"generated"},{"sourceUrl":"ActivityDefinition-343f3656-9ddd-4e10-996f-dba5a64650f2-FHIR2.html","name":"ActivityDefinition-343f3656-9ddd-4e10-996f-dba5a64650f2-FHIR2.html","title":"Example-SoA: ActivityEligibility-Visit-V3--FHIR2","generation":"generated"},{"sourceUrl":"ActivityDefinition-9cb4666f-4516-4562-8f93-fd407e42ab6f-FHIR2-ActivityCollectCosen.html","name":"ActivityDefinition-9cb4666f-4516-4562-8f93-fd407e42ab6f-FHIR2-ActivityCollectCosen.html","title":"Example-SoA: ActivityCollectCosen-Visit-V1--FHIR2","generation":"generated"},{"sourceUrl":"Group-ARMGroupMonkeyLegs-uuid22s.html","name":"Group-ARMGroupMonkeyLegs-uuid22s.html","title":"Example ARMGroup","generation":"generated"},{"sourceUrl":"Group-ARMMonkeyFeet-internal-uuid2s.html","name":"Group-ARMMonkeyFeet-internal-uuid2s.html","title":"Example ARMGroup","generation":"generated"},{"sourceUrl":"Group-Cohort2GroupUnder50-ososi.html","name":"Group-Cohort2GroupUnder50-ososi.html","title":"Example CohortGroup","generation":"generated"},{"sourceUrl":"Group-CohortGroupOver50-ss9s9s9.html","name":"Group-CohortGroupOver50-ss9s9s9.html","title":"Example CohortGroup","generation":"generated"},{"sourceUrl":"Group-CohortGroupUnder25.html","name":"Group-CohortGroupUnder25.html","title":"Example CohortGroup","generation":"generated"},{"sourceUrl":"PlanDefinition-DefinedActivities-001.html","name":"PlanDefinition-DefinedActivities-001.html","title":"Defined Activities","generation":"generated"},{"sourceUrl":"PlanDefinition-EPCH-DEF-0002-2.html","name":"PlanDefinition-EPCH-DEF-0002-2.html","title":"Epoch-Plan Def","generation":"generated"},{"sourceUrl":"PlanDefinition-NEW-SOA-UUID-FHIR2.html","name":"PlanDefinition-NEW-SOA-UUID-FHIR2.html","title":"Example-SoA: SoADefinition-FHIR2","generation":"generated"},{"sourceUrl":"Patient-Patient-1-001.html","name":"Patient-Patient-1-001.html","title":"Example ThePatient","generation":"generated"},{"sourceUrl":"ResearchStudy-ResearchStudy-1-002.html","name":"ResearchStudy-ResearchStudy-1-002.html","title":"Example ResearchStudy","generation":"generated"},{"sourceUrl":"ResearchSubject-ResearchSubject-1.html","name":"ResearchSubject-ResearchSubject-1.html","title":"Example ResearchSubject Cohort/ARM","generation":"generated"},{"sourceUrl":"PlanDefinition-Visit-V1-9cb4666f-4516-4562-8f93-fd407e42ab6f-FHIR2.html","name":"PlanDefinition-Visit-V1-9cb4666f-4516-4562-8f93-fd407e42ab6f-FHIR2.html","title":"Example-SoA: SoAVisitDefinition-Visit-V1-FHIR2","generation":"generated"},{"sourceUrl":"PlanDefinition-Visit-V2-f53a0dfe-9a2e-41f0-8378-d102629473a3-FHIR2.html","name":"PlanDefinition-Visit-V2-f53a0dfe-9a2e-41f0-8378-d102629473a3-FHIR2.html","title":"Example-SoA: SoAVisitDefinition-Visit-V2-FHIR2","generation":"generated"},{"sourceUrl":"PlanDefinition-Visit-V3-343f3656-9ddd-4e10-996f-dba5a64650f2-FHIR2.html","name":"PlanDefinition-Visit-V3-343f3656-9ddd-4e10-996f-dba5a64650f2-FHIR2.html","title":"Example-SoA: SoAVisitDefinition-Visit-V3-FHIR2","generation":"generated"},{"sourceUrl":"PlanDefinition-Visit-V4-c936f630-d853-4933-b743-ae16e1f07820-FHIR2.html","name":"PlanDefinition-Visit-V4-c936f630-d853-4933-b743-ae16e1f07820-FHIR2.html","title":"Example-SoA: SoAVisitDefinition-Visit-V4-FHIR2","generation":"generated"},{"sourceUrl":"ActivityDefinition-c936f630-d853-4933-b743-ae16e1f07820-FHIR2.html","name":"ActivityDefinition-c936f630-d853-4933-b743-ae16e1f07820-FHIR2.html","title":"Example-SoA: ActivityStudyPeriod-Visit-V4--FHIR2","generation":"generated"},{"sourceUrl":"ActivityDefinition-f53a0dfe-9a2e-41f0-8378-d102629473a3-FHIR2.html","name":"ActivityDefinition-f53a0dfe-9a2e-41f0-8378-d102629473a3-FHIR2.html","title":"Example-SoA: ActivityScreening-Visit-V2--FHIR2","generation":"generated"}]}]},"parameter":[{"code":{"system":"http://hl7.org/fhir/tools/CodeSystem/ig-parameters","code":"copyrightyear"},"value":"2021+"},{"code":{"system":"http://hl7.org/fhir/tools/CodeSystem/ig-parameters","code":"releaselabel"},"value":"STU1"},{"code":{"system":"http://hl7.org/fhir/guide-parameter-code","code":"path-resource"},"value":"input/capabilities"},{"code":{"system":"http://hl7.org/fhir/guide-parameter-code","code":"path-resource"},"value":"input/examples"},{"code":{"system":"http://hl7.org/fhir/guide-parameter-code","code":"path-resource"},"value":"input/extensions"},{"code":{"system":"http://hl7.org/fhir/guide-parameter-code","code":"path-resource"},"value":"input/models"},{"code":{"system":"http://hl7.org/fhir/guide-parameter-code","code":"path-resource"},"value":"input/operations"},{"code":{"system":"http://hl7.org/fhir/guide-parameter-code","code":"path-resource"},"value":"input/profiles"},{"code":{"system":"http://hl7.org/fhir/guide-parameter-code","code":"path-resource"},"value":"input/resources"},{"code":{"system":"http://hl7.org/fhir/guide-parameter-code","code":"path-resource"},"value":"input/vocabulary"},{"code":{"system":"http://hl7.org/fhir/guide-parameter-code","code":"path-resource"},"value":"input/maps"},{"code":{"system":"http://hl7.org/fhir/guide-parameter-code","code":"path-resource"},"value":"input/testing"},{"code":{"system":"http://hl7.org/fhir/guide-parameter-code","code":"path-resource"},"value":"input/history"},{"code":{"system":"http://hl7.org/fhir/guide-parameter-code","code":"path-resource"},"value":"fsh-generated/resources"},{"code":{"system":"http://hl7.org/fhir/guide-parameter-code","code":"path-pages"},"value":"template/config"},{"code":{"system":"http://hl7.org/fhir/guide-parameter-code","code":"path-pages"},"value":"input/images"},{"code":{"system":"http://hl7.org/fhir/tools/CodeSystem/ig-parameters","code":"path-liquid"},"value":"template/liquid"},{"code":{"system":"http://hl7.org/fhir/tools/CodeSystem/ig-parameters","code":"path-liquid"},"value":"input/liquid"},{"code":{"system":"http://hl7.org/fhir/tools/CodeSystem/ig-parameters","code":"path-qa"},"value":"temp/qa"},{"code":{"system":"http://hl7.org/fhir/tools/CodeSystem/ig-parameters","code":"path-temp"},"value":"temp/pages"},{"code":{"system":"http://hl7.org/fhir/tools/CodeSystem/ig-parameters","code":"path-output"},"value":"output"},{"code":{"system":"http://hl7.org/fhir/guide-parameter-code","code":"path-tx-cache"},"value":"input-cache/txcache"},{"code":{"system":"http://hl7.org/fhir/tools/CodeSystem/ig-parameters","code":"path-suppressed-warnings"},"value":"input/ignoreWarnings.txt"},{"code":{"system":"http://hl7.org/fhir/tools/CodeSystem/ig-parameters","code":"path-history"},"value":"https://github.com/alpivonka/FHIR-Base-Clinical-Examples/history.html"},{"code":{"system":"http://hl7.org/fhir/tools/CodeSystem/ig-parameters","code":"template-html"},"value":"template-page.html"},{"code":{"system":"http://hl7.org/fhir/tools/CodeSystem/ig-parameters","code":"template-md"},"value":"template-page-md.html"},{"code":{"system":"http://hl7.org/fhir/tools/CodeSystem/ig-parameters","code":"apply-contact"},"value":"true"},{"code":{"system":"http://hl7.org/fhir/tools/CodeSystem/ig-parameters","code":"apply-context"},"value":"true"},{"code":{"system":"http://hl7.org/fhir/tools/CodeSystem/ig-parameters","code":"apply-copyright"},"value":"true"},{"code":{"system":"http://hl7.org/fhir/tools/CodeSystem/ig-parameters","code":"apply-jurisdiction"},"value":"true"},{"code":{"system":"http://hl7.org/fhir/tools/CodeSystem/ig-parameters","code":"apply-license"},"value":"true"},{"code":{"system":"http://hl7.org/fhir/tools/CodeSystem/ig-parameters","code":"apply-publisher"},"value":"true"},{"code":{"system":"http://hl7.org/fhir/tools/CodeSystem/ig-parameters","code":"apply-version"},"value":"true"},{"code":{"system":"http://hl7.org/fhir/tools/CodeSystem/ig-parameters","code":"active-tables"},"value":"true"}]}}