{"resourceType":"PlanDefinition","id":"DefinedActivities-001","meta":{"profile":["https://github.com/alpivonka/FHIR-Base-Clinical-Examples/StructureDefinition/defined-activities"],"tag":[{"system":"Organization/7ad0f876s76dfa7d98a5s67","code":"definedActivityLibrary"}]},"url":"https://github.com/alpivonka/FHIR-Base-Clinical-Examples/PlanDefinition/DefinedActivities-001","version":"1.0.0","type":{"coding":[{"code":"PlatformDefinedActivities"}]},"status":"active","date":"2022-11-28T18:44:16+00:00","publisher":"ClinicalTrialExample","action":[{"code":{"coding":[{"system":"http://hl7.org/fhir/resource-types","code":"ActivityDefinition"}]},"action":[{"title":"ActivityDef-Name-1","definitionUri":"ActivityDefinition/fab63b28-6aa5-11ed-a1eb-0242ac120001"},{"title":"ActivityDef-Name-2","definitionUri":"ActivityDefinition/fab63b28-6aa5-11ed-a1eb-0242ac120002"},{"title":"ActivityDef-Name-3","definitionUri":"ActivityDefinition/fab63b28-6aa5-11ed-a1eb-0242ac120003"}]},{"code":{"coding":[{"system":"http://hl7.org/fhir/resource-types","code":"ObservationDefinition"}]}},{"code":{"coding":[{"system":"http://hl7.org/fhir/resource-types","code":"PlanDefinition"}]}},{"code":{"coding":[{"system":"http://hl7.org/fhir/resource-types","code":"Questionnaire"}]},"action":[{"title":"Questionnaire-Name-1","definitionUri":"Questionnaire/fab63b28-6aa5-11ed-a1eb-0242ac120001"},{"title":"Questionnaire-Name-2","definitionUri":"Questionnaire/fab63b28-6aa5-11ed-a1eb-0242ac120002"},{"title":"Questionnaire-Name-3","definitionUri":"Questionnaire/fab63b28-6aa5-11ed-a1eb-0242ac120003"},{"title":"Questionnaire-Name-4","definitionUri":"Questionnaire/fab63b28-6aa5-11ed-a1eb-0242ac120004"},{"title":"Questionnaire-Name-5","definitionUri":"Questionnaire/fab63b28-6aa5-11ed-a1eb-0242ac120005"},{"title":"Questionnaire-Name-6","definitionUri":"Questionnaire/fab63b28-6aa5-11ed-a1eb-0242ac120006"}]}]}