{"resourceType":"PlanDefinition","id":"Visit-V3-343f3656-9ddd-4e10-996f-dba5a64650f2-FHIR2","meta":{"lastUpdated":"2022-01-01T10:08:10Z","profile":["https://github.com/alpivonka/FHIR-Base-Clinical-Examples/StructureDefinition/soa-visit-definition"]},"extension":[{"url":"https://github.com/alpivonka/FHIR-Base-Clinical-Examples/StructureDefinition/study","valueReference":{"reference":"ResearchStudy/ResearchStudy-1-002"}}],"url":"https://github.com/alpivonka/FHIR-Base-Clinical-Examples/PlanDefinition/Visit-V3-343f3656-9ddd-4e10-996f-dba5a64650f2-FHIR2","version":"1.0.0","name":"v2","type":{"coding":[{"system":"https://github.com/alpivonka/FHIR-Base-Clinical-Examples/CodeSystem/plan-definition-cs","code":"Visit"}]},"status":"active","date":"2022-11-21T15:58:19+00:00","publisher":"ClinicalTrialExample","action":[{"type":{"coding":[{"code":"screeningActivity"}]},"definitionUri":"ActivityDefinition/f53a0dfe-9a2e-41f0-8378-d102629473a3","action":[{"id":"PROJlDatesInForm","title":"PRO_Jl_DatesInForm","relatedAction":[{"targetId":"PRO4MDatesinForm","relationship":"before"}],"definitionUri":"Questionnaire/2995b4b6-c3cc-4a40-a27b-dc7ef903aa5d/1"},{"id":"PRO4MDatesinForm","title":"PRO_4M_DatesinForm","relatedAction":[{"targetId":"PROJlDatesInForm","relationship":"after"}],"definitionUri":"Questionnaire/7a3ef9fe-f055-470c-b854-0e2925797002/2"}]}]}