{"resourceType":"PlanDefinition","id":"DefinedActivitiesDefinition-001","meta":{"tag":[{"system":"Organization/7ad0f876s76dfa7d98a5s67","code":"DefinedActivityLibrary"}]},"url":"https://github.com/alpivonka/FHIR-Base-Clinical-Examples/PlanDefinition/DefinedActivitiesDefinition-001","version":"1.0.0","type":{"coding":[{"code":"PlatformDefinedActivities"}]},"status":"active","date":"2022-11-29T14:39:13+00:00","publisher":"ClinicalTrialExample","action":[{"type":{"coding":[{"system":"http://hl7.org/fhir/resource-types","code":"Questionnaire"}]},"action":[{"definitionUri":"Questionnaire/eb57023c-1b1d-4777-9430-d9596bdcd52c"},{"definitionUri":"Questionnaire/eb57023c-1b1d-4777-9430-d9596bdcd52d"}]},{"type":{"coding":[{"system":"http://hl7.org/fhir/resource-types","code":"ActivityDefinition"}]},"action":[{"definitionUri":"ActivityDefinition/32c0f9f2-36bd-42c4-a8e5-f045c2d1bfb0"},{"definitionUri":"ActivityDefinition/4deb634a-6119-417f-a3e4-175417a0f5a7"}]}]}