{
  "resourceType": "Group",
  "id": "Cohort2GroupUnder50-ososi",
  "text": {
    "status": "generated",
    "div": "<div xmlns=\"http://www.w3.org/1999/xhtml\"><p><b>Generated Narrative: Group</b><a name=\"Cohort2GroupUnder50-ososi\"> </a></p><div style=\"display: inline-block; background-color: #d9e0e7; padding: 6px; margin: 4px; border: 1px solid #8da1b4; border-radius: 5px; line-height: 60%\"><p style=\"margin-bottom: 0px\">Resource Group &quot;Cohort2GroupUnder50-ososi&quot; </p></div><p><b>identifier</b>: id: 3292822228</p><p><b>type</b>: specimen</p><p><b>membership</b>: enumerated</p><p><b>code</b>: COHORT <span style=\"background: LightGoldenRodYellow; margin: 4px; border: 1px solid khaki\"> ([not stated]#COHORT)</span></p><p><b>name</b>: Men under 50</p><p><b>description</b>: my description</p></div>"
  },
  "identifier": [
    {
      "value": "3292822228"
    }
  ],
  "type": "specimen",
  "membership": "enumerated",
  "code": {
    "coding": [
      {
        "code": "COHORT"
      }
    ]
  },
  "name": "Men under 50",
  "description": "my description"
}