{
  "resourceType": "PlanDefinition",
  "id": "DefinedActivitiesDefinition-001",
  "meta": {
    "tag": [
      {
        "system": "Organization/7ad0f876s76dfa7d98a5s67",
        "code": "DefinedActivityLibrary"
      }
    ]
  },
  "text": {
    "status": "generated",
    "div": "<div xmlns=\"http://www.w3.org/1999/xhtml\"><p><b>Generated Narrative: PlanDefinition</b><a name=\"DefinedActivitiesDefinition-001\"> </a></p><div style=\"display: inline-block; background-color: #d9e0e7; padding: 6px; margin: 4px; border: 1px solid #8da1b4; border-radius: 5px; line-height: 60%\"><p style=\"margin-bottom: 0px\">Resource PlanDefinition &quot;DefinedActivitiesDefinition-001&quot; </p><p style=\"margin-bottom: 0px\">Tag: <span title=\"{Organization/7ad0f876s76dfa7d98a5s67 Organization/7ad0f876s76dfa7d98a5s67}\">Organization/7ad0f876s76dfa7d98a5s67</span></p></div><p><b>url</b>: <code>https://github.com/alpivonka/FHIR-Base-Clinical-Examples/PlanDefinition/DefinedActivitiesDefinition-001</code></p><p><b>version</b>: 1.0.0</p><p><b>type</b>: PlatformDefinedActivities <span style=\"background: LightGoldenRodYellow; margin: 4px; border: 1px solid khaki\"> ([not stated]#PlatformDefinedActivities)</span></p><p><b>status</b>: active</p><p><b>date</b>: 2022-11-29 07:09:47+0000</p><p><b>publisher</b>: ClinicalTrialExample</p><blockquote><p><b>action</b></p><p><b>type</b>: Questionnaire <span style=\"background: LightGoldenRodYellow; margin: 4px; border: 1px solid khaki\"> (All FHIR Types#Questionnaire)</span></p><h3>Actions</h3><table class=\"grid\"><tr><td>-</td><td><b>Definition[x]</b></td></tr><tr><td>*</td><td><code>Questionnaire/eb57023c-1b1d-4777-9430-d9596bdcd52c</code></td></tr><tr><td>*</td><td><code>Questionnaire/eb57023c-1b1d-4777-9430-d9596bdcd52d</code></td></tr></table></blockquote><blockquote><p><b>action</b></p><p><b>type</b>: ActivityDefinition <span style=\"background: LightGoldenRodYellow; margin: 4px; border: 1px solid khaki\"> (All FHIR Types#ActivityDefinition)</span></p><h3>Actions</h3><table class=\"grid\"><tr><td>-</td><td><b>Definition[x]</b></td></tr><tr><td>*</td><td><code>ActivityDefinition/32c0f9f2-36bd-42c4-a8e5-f045c2d1bfb0</code></td></tr><tr><td>*</td><td><code>ActivityDefinition/4deb634a-6119-417f-a3e4-175417a0f5a7</code></td></tr></table></blockquote></div>"
  },
  "url": "https://github.com/alpivonka/FHIR-Base-Clinical-Examples/PlanDefinition/DefinedActivitiesDefinition-001",
  "version": "1.0.0",
  "type": {
    "coding": [
      {
        "code": "PlatformDefinedActivities"
      }
    ]
  },
  "status": "active",
  "date": "2022-11-29T19:09:47+00:00",
  "publisher": "ClinicalTrialExample",
  "action": [
    {
      "type": {
        "coding": [
          {
            "system": "http://hl7.org/fhir/resource-types",
            "code": "Questionnaire"
          }
        ]
      },
      "action": [
        {
          "definitionUri": "Questionnaire/eb57023c-1b1d-4777-9430-d9596bdcd52c"
        },
        {
          "definitionUri": "Questionnaire/eb57023c-1b1d-4777-9430-d9596bdcd52d"
        }
      ]
    },
    {
      "type": {
        "coding": [
          {
            "system": "http://hl7.org/fhir/resource-types",
            "code": "ActivityDefinition"
          }
        ]
      },
      "action": [
        {
          "definitionUri": "ActivityDefinition/32c0f9f2-36bd-42c4-a8e5-f045c2d1bfb0"
        },
        {
          "definitionUri": "ActivityDefinition/4deb634a-6119-417f-a3e4-175417a0f5a7"
        }
      ]
    }
  ]
}